id,uuid,file_path,pi,experiment_number,dataset_name,animal_id,stain,n_channels,colors,orientation,voxel_spacing,voxel_spacing_units,treatment,full_brain,modality,microscope,organism_type,technique,method,grant_number,doi,time_point,route
1,01GSR8R3CAZHERMX63K34TCNN0,/CBI_Hive/Acquire/Klimstra/03CL13/BB_Uninfected/composites_RSCM_v0.1/job_01123/composites_RSCM_v0.1_job_01123.ims,NULL,NULL,NULL,NULL,NULL,2,NULL,NULL,"(7.62, 0.684, 0.684)",um,uninfected,NULL,NULL,NULL,NULL,NULL,NULL,NULL,NULL,NULL,NULL
2,01GSR951RSRXC06Z58EBBPH26G,/CBI_Hive/Acquire/Klimstra/03CL13/T_EEEV_eGFP_96_R2/composites_RSCM_v0.1/job_01127/composites_RSCM_v0.1_job_01127.ims,NULL,NULL,NULL,NULL,NULL,2,NULL,NULL,"(7.62, 0.684, 0.684)",um,eeev,NULL,NULL,NULL,NULL,NULL,NULL,NULL,NULL,96,subcutaneous
3,01GSR9SQCCDA0NCGDKFHBKFE2F,/CBI_Hive/Acquire/Klimstra/03CL13/G_VEEV_eGFP_72_L2/composites_RSCM_v0.1/job_01198/composites_RSCM_v0.1_job_01198.ims,NULL,NULL,NULL,NULL,NULL,2,NULL,NULL,"(7.62, 0.684, 0.684)",um,veev,NULL,NULL,NULL,NULL,NULL,NULL,NULL,NULL,72,subcutaneous
4,01GSRA3GRZTFP0KRBF5G8Q2T3X,/CBI_Hive/Acquire/Klimstra/03CL13/AA_EEEV_WT_96_L1/composites_RSCM_v0.1/job_01176/composites_RSCM_v0.1_job_01176.ims,NULL,NULL,NULL,NULL,NULL,2,NULL,NULL,"(7.62, 0.684, 0.684)",um,eeev,NULL,NULL,NULL,NULL,NULL,NULL,NULL,NULL,96,subcutaneous
5,01GSRAXKWNEJ8SMCC7B6MN2K95,/CBI_Hive/Acquire/Klimstra/03CL13/B_VEEV_eGFP_24_2L1/composites_RSCM_v0.1/job_01120/composites_RSCM_v0.1_job_01120.ims,NULL,NULL,NULL,NULL,NULL,2,NULL,NULL,"(7.62, 0.684, 0.684)",um,veev,NULL,NULL,NULL,NULL,NULL,NULL,NULL,NULL,24,subcutaneous
6,01GSRB7GHMJ8AXPD6YDZ74TK34,/CBI_Hive/Acquire/Klimstra/03CL13/V_VEEV_WT_96_N1/composites_RSCM_v0.1/job_01133/composites_RSCM_v0.1_job_01133.ims,NULL,NULL,NULL,NULL,NULL,2,NULL,NULL,"(7.62, 0.684, 0.684)",um,veev,NULL,NULL,NULL,NULL,NULL,NULL,NULL,NULL,96,subcutaneous
8,01GSRC0A0WW9CAPT7Q7E3R6C9X,/CBI_Hive/Acquire/Klimstra/03CL13/O_WEEV_eGFP_96_R2/composites_RSCM_v0.1/job_01112/composites_RSCM_v0.1_job_01112.ims,NULL,NULL,NULL,NULL,NULL,2,NULL,NULL,"(7.62, 0.684, 0.684)",um,weev,NULL,NULL,NULL,NULL,NULL,NULL,NULL,NULL,96,subcutaneous
9,01GSRC8XACGQX6JTJCS0754TXV,/CBI_Hive/Acquire/Klimstra/03CL13/YZ_stack2/composites_RSCM_v0.1/job_01188/composites_RSCM_v0.1_job_01188.ims,NULL,NULL,NULL,NULL,NULL,2,NULL,NULL,"(7.62, 0.684, 0.684)",um,eeev,NULL,NULL,NULL,NULL,NULL,NULL,NULL,NULL,96,subcutaneous
10,01GSRCWCD5PB5WXSY8F4MEF566,/CBI_Hive/Acquire/Klimstra/03CL13/U_EEEV_eGFP_96_R2/composites_RSCM_v0.1/job_01132/composites_RSCM_v0.1_job_01132.ims,NULL,NULL,NULL,NULL,NULL,2,NULL,NULL,"(7.62, 0.684, 0.684)",um,eeev,NULL,NULL,NULL,NULL,NULL,NULL,NULL,NULL,96,subcutaneous
11,01GSS6GWF8JYATD5TGWS6MGEKZ,/CBI_Hive/Acquire/Klimstra/03CL13/X_WEEV_WT_96_N1/composites_RSCM_v0.1/job_01146/composites_RSCM_v0.1_job_01146.ims,NULL,NULL,NULL,NULL,NULL,2,NULL,NULL,"(7.62, 0.684, 0.684)",um,weev,NULL,NULL,NULL,NULL,NULL,NULL,NULL,NULL,96,subcutaneous
12,01GSS78XC12WP3FAR52M0HHRJB,/CBI_Hive/Acquire/Klimstra/03CL13/A_VEEV_eGFP_24_L1/composites_RSCM_v0.1/job_01043/composites_RSCM_v0.1_job_01043.ims,NULL,NULL,NULL,NULL,NULL,2,NULL,NULL,"(7.62, 0.684, 0.684)",um,veev,NULL,NULL,NULL,NULL,NULL,NULL,NULL,NULL,24,subcutaneous
13,01GSS7FPJ8TBGWP9T0CWX54Q6G,/CBI_Hive/Acquire/Klimstra/03CL13/F_VEEV_eGFP_48_2R1/composites_RSCM_v0.1/job_01083/composites_RSCM_v0.1_job_01083.ims,NULL,NULL,NULL,NULL,NULL,2,NULL,NULL,"(7.62, 0.684, 0.684)",um,veev,NULL,NULL,NULL,NULL,NULL,NULL,NULL,NULL,48,subcutaneous
14,01GSS9C5D0K47F8A23RR4BATVE,/CBI_Hive/Acquire/Klimstra/03CL13/J_WEEV_eGFP_72_N1/composites_RSCM_v0.1/job_01096/composites_RSCM_v0.1_job_01096.ims,NULL,NULL,NULL,NULL,NULL,2,NULL,NULL,"(7.62, 0.684, 0.684)",um,weev,NULL,NULL,NULL,NULL,NULL,NULL,NULL,NULL,72,subcutaneous
15,01GSSB3AD4RWNAYTB7EEPFKEYD,/CBI_Hive/Acquire/Klimstra/03CL13/P_EEEV_eGFP_72_N1/composites_RSCM_v0.1/job_01118/composites_RSCM_v0.1_job_01118.ims,NULL,NULL,NULL,NULL,NULL,2,NULL,NULL,"(7.62, 0.684, 0.684)",um,eeev,NULL,NULL,NULL,NULL,NULL,NULL,NULL,NULL,72,subcutaneous
16,01GST4XMPE418GB0HSPPXA4QPV,/CBI_Hive/Acquire/Klimstra/03CL13/E_VEEV_eGFP_48_R1/composites_RSCM_v0.1/job_01084/composites_RSCM_v0.1_job_01084.ims,NULL,NULL,NULL,NULL,NULL,2,NULL,NULL,"(7.62, 0.684, 0.684)",um,veev,NULL,NULL,NULL,NULL,NULL,NULL,NULL,NULL,48,subcutaneous
17,01GST51ZCTHPTMCHXYEPY41H8T,/CBI_Hive/Acquire/Klimstra/03CL13/W_VEEV_WT_96_L1/composites_RSCM_v0.1/job_01145/composites_RSCM_v0.1_job_01145.ims,NULL,NULL,NULL,NULL,NULL,2,NULL,NULL,"(7.62, 0.684, 0.684)",um,veev,NULL,NULL,NULL,NULL,NULL,NULL,NULL,NULL,96,subcutaneous
18,01GST5VTW2RPA3P8T2EVYX7CXX,/CBI_Hive/Acquire/Klimstra/03CL13/YZ_stack1/composites_RSCM_v0.1/job_01177/composites_RSCM_v0.1_job_01177.ims,NULL,NULL,NULL,NULL,NULL,2,NULL,NULL,"(7.62, 0.684, 0.684)",um,weev,NULL,NULL,NULL,NULL,NULL,NULL,NULL,NULL,96,subcutaneous
19,01GST6AY3J2T3VEAAS19H2W7GB,/CBI_Hive/Acquire/Klimstra/03CL13/L_WEEV_eGFP_72_R1/composites_RSCM_v0.1/job_01097/composites_RSCM_v0.1_job_01097.ims,NULL,NULL,NULL,NULL,NULL,2,NULL,NULL,"(7.62, 0.684, 0.684)",um,weev,NULL,NULL,NULL,NULL,NULL,NULL,NULL,NULL,72,subcutaneous
20,01GST6NXW64T379Y39ZG567190,/CBI_Hive/Acquire/Klimstra/03CL13/H_VEEV_eGFP_72_R2/composites_RSCM_v0.1/job_01107/composites_RSCM_v0.1_job_01107.ims,NULL,NULL,NULL,NULL,NULL,2,NULL,NULL,"(7.62, 0.684, 0.684)",um,veev,NULL,NULL,NULL,NULL,NULL,NULL,NULL,NULL,72,subcutaneous
21,01GST6ZS04HFAC3P459RRCEGSA,/CBI_Hive/Acquire/Klimstra/03CL13/S_EEEV_eGFP_96_L2/composites_RSCM_v0.1/job_01125/composites_RSCM_v0.1_job_01125.ims,NULL,NULL,NULL,NULL,NULL,2,NULL,NULL,"(7.62, 0.684, 0.684)",um,eeev,NULL,NULL,NULL,NULL,NULL,NULL,NULL,NULL,96,subcutaneous
22,01GST7P30NA21Y9DQAZ088VMXH,/CBI_Hive/Acquire/Klimstra/03CL13/M_WEEV_eGFP_96_N2/composites_RSCM_v0.1/job_01108/composites_RSCM_v0.1_job_01108.ims,NULL,NULL,NULL,NULL,NULL,2,NULL,NULL,"(7.62, 0.684, 0.684)",um,weev,NULL,NULL,NULL,NULL,NULL,NULL,NULL,NULL,96,subcutaneous
23,01GST9YEJT9DMHW51299RVBPG2,/CBI_Hive/Acquire/Klimstra/03CL13/D_VEEV_eGFP_48_N1/composites_RSCM_v0.1/job_01081/composites_RSCM_v0.1_job_01081.ims,NULL,NULL,NULL,NULL,NULL,2,NULL,NULL,"(7.62, 0.684, 0.684)",um,veev,NULL,NULL,NULL,NULL,NULL,NULL,NULL,NULL,48,subcutaneous
24,01GSTA2YPB2VC8M2M836WTM3C9,/CBI_Hive/Acquire/Klimstra/03CL13/R_EEEV_eGFP_72_R1/composites_RSCM_v0.1/job_01187/composites_RSCM_v0.1_job_01187.ims,NULL,NULL,NULL,NULL,NULL,2,NULL,NULL,"(7.62, 0.684, 0.684)",um,eeev,NULL,NULL,NULL,NULL,NULL,NULL,NULL,NULL,72,subcutaneous
25,01GSTAM8T6S72GDVT0K73HHGEC,/CBI_Hive/Acquire/Klimstra/03CL13/I_VEEV_eGFP_72_2L2/composites_RSCM_v0.1/job_01087/composites_RSCM_v0.1_job_01087.ims,NULL,NULL,NULL,NULL,NULL,2,NULL,NULL,"(7.62, 0.684, 0.684)",um,veev,NULL,NULL,NULL,NULL,NULL,NULL,NULL,NULL,72,subcutaneous
26,01GSTCF73A9VY4Y4GD54FW4BJE,/CBI_Hive/Acquire/Klimstra/03CL13/K_WEEV_eGFP_72_L1/composites_RSCM_v0.1/job_01095/composites_RSCM_v0.1_job_01095.ims,NULL,NULL,NULL,NULL,NULL,2,NULL,NULL,"(7.62, 0.684, 0.684)",um,weev,NULL,NULL,NULL,NULL,NULL,NULL,NULL,NULL,72,subcutaneous
27,01GSTEMEKRZ8V7ZB087PAZJHMT,/CBI_Hive/Acquire/Klimstra/03CL13/Q_EEEV_eGFP_72_L1/composites_RSCM_v0.1/job_01119/composites_RSCM_v0.1_job_01119.ims,NULL,NULL,NULL,NULL,NULL,2,NULL,NULL,"(7.62, 0.684, 0.684)",um,eeev,NULL,NULL,NULL,NULL,NULL,NULL,NULL,NULL,72,subcutaneous
28,01GSTEWYB6FKFSJNPKCD46PNS8,/CBI_Hive/Acquire/Klimstra/03CL13/C_VEEV_eGFP_24_N2/composites_RSCM_v0.1/job_01121/composites_RSCM_v0.1_job_01121.ims,NULL,NULL,NULL,NULL,NULL,2,NULL,NULL,"(7.62, 0.684, 0.684)",um,veev,NULL,NULL,NULL,NULL,NULL,NULL,NULL,NULL,24,subcutaneous
