acronym,volume_um_10,volume_mm_10,volume_um_25,volume_mm_25
root,506032520,506.0325200000001,32387385,506.05289062500015
grey,449594328,449.5943280000001,28774455,449.6008593750001
CH,275860156,275.860156,17656111,275.87673437500007
CTX,221533548,221.53354800000002,14179177,221.54964062500005
CTXpl,212625646,212.62564600000005,13609203,212.64379687500005
Isocortex,123282624,123.28262400000003,7891055,123.29773437500003
FRP,973876,0.9738760000000002,62227,0.9722968750000003
FRP1,256520,0.25652,16219,0.2534218750000001
FRP2/3,232608,0.23260800000000004,14978,0.23403125000000005
FRP5,371584,0.3715840000000001,23779,0.3715468750000001
FRP6a,112222,0.11222200000000002,7184,0.11225000000000003
FRP6b,942,0.0009420000000000001,67,0.0010468750000000003
MO,24450362,24.450362000000005,1565276,24.457437500000005
MOp,11351334,11.351334000000001,726598,11.353093750000003
MOp1,1328982,1.3289820000000003,85116,1.3299375000000002
MOp2/3,3689292,3.6892920000000005,236101,3.689078125000001
MOp5,3272844,3.2728440000000005,209457,3.272765625000001
MOp6a,2876428,2.8764280000000007,184072,2.8761250000000005
MOp6b,183788,0.18378800000000003,11852,0.18518750000000003
MOs,13099028,13.099028000000002,838678,13.104343750000004
MOs1,2320426,2.3204260000000003,148747,2.3241718750000007
MOs2/3,3804232,3.8042320000000007,243488,3.804500000000001
MOs5,4523054,4.523054000000001,289459,4.522796875000001
MOs6a,2377730,2.3777300000000006,152198,2.3780937500000006
MOs6b,73586,0.07358600000000001,4786,0.07478125000000002
SS,33320260,33.320260000000005,2133260,33.33218750000001
SSp,24302098,24.302098000000004,1555772,24.308937500000006
SSp-n,3019080,3.0190800000000007,193233,3.0192656250000005
SSp-n1,404326,0.4043260000000001,25941,0.4053281250000001
SSp-n2/3,640936,0.6409360000000001,40982,0.6403437500000001
SSp-n4,548128,0.5481280000000001,35076,0.5480625000000001
SSp-n5,567366,0.5673660000000001,36290,0.5670312500000001
SSp-n6a,804808,0.8048080000000001,51512,0.8048750000000002
SSp-n6b,53516,0.05351600000000001,3432,0.05362500000000001
SSp-bfd,6287780,6.2877800000000015,402576,6.290250000000001
SSp-bfd1,839500,0.8395000000000001,53686,0.8388437500000002
SSp-bfd2/3,1516040,1.5160400000000003,97044,1.5163125000000004
SSp-bfd4,1281604,1.2816040000000002,82089,1.2826406250000002
SSp-bfd5,1208038,1.2080380000000002,77323,1.2081718750000003
SSp-bfd6a,1296044,1.2960440000000002,83045,1.2975781250000002
SSp-bfd6b,146554,0.14655400000000002,9389,0.14670312500000005
SSp-ll,2352126,2.3521260000000006,150565,2.3525781250000004
SSp-ll1,299572,0.29957200000000006,19151,0.29923437500000005
SSp-ll2/3,646572,0.6465720000000001,41382,0.6465937500000002
SSp-ll4,272824,0.27282400000000007,17474,0.27303125000000006
SSp-ll5,555260,0.5552600000000001,35564,0.5556875000000001
SSp-ll6a,528074,0.528074,33771,0.5276718750000001
SSp-ll6b,49824,0.04982400000000001,3223,0.05035937500000001
SSp-m,6209620,6.209620000000001,397621,6.2128281250000015
SSp-m1,780612,0.7806120000000001,50090,0.7826562500000002
SSp-m2/3,1497244,1.4972440000000002,95921,1.4987656250000003
SSp-m4,948750,0.9487500000000002,60615,0.9471093750000003
SSp-m5,1217080,1.2170800000000002,77950,1.2179687500000003
SSp-m6a,1651680,1.6516800000000003,105706,1.6516562500000005
SSp-m6b,114254,0.11425400000000002,7339,0.11467187500000002
SSp-ul,3769462,3.7694620000000008,241336,3.770875000000001
SSp-ul1,459820,0.45982000000000006,29562,0.46190625000000013
SSp-ul2/3,978956,0.9789560000000002,62626,0.9785312500000002
SSp-ul4,523130,0.5231300000000001,33490,0.5232812500000001
SSp-ul5,792298,0.7922980000000002,50676,0.7918125000000001
SSp-ul6a,942014,0.9420140000000001,60229,0.9410781250000002
SSp-ul6b,73244,0.07324400000000002,4753,0.07426562500000002
SSp-tr,1401698,1.4016980000000003,89647,1.4007343750000003
SSp-tr1,205640,0.20564000000000004,13081,0.20439062500000005
SSp-tr2/3,423734,0.42373400000000006,27121,0.4237656250000001
SSp-tr4,152746,0.15274600000000002,9766,0.15259375000000003
SSp-tr5,353006,0.35300600000000004,22607,0.3532343750000001
SSp-tr6a,232906,0.23290600000000003,14877,0.23245312500000007
SSp-tr6b,33666,0.03366600000000001,2195,0.03429687500000001
SSp-un,1262332,1.2623320000000002,80794,1.2624062500000004
SSp-un1,166240,0.16624000000000003,10635,0.16617187500000005
SSp-un2/3,331476,0.33147600000000005,21205,0.3313281250000001
SSp-un4,187930,0.18793000000000004,12030,0.18796875000000005
SSp-un5,257978,0.25797800000000004,16508,0.25793750000000004
SSp-un6a,294142,0.29414200000000007,18840,0.29437500000000005
SSp-un6b,24566,0.024566000000000004,1576,0.024625000000000005
SSs,9018162,9.018162000000002,577488,9.023250000000003
SSs1,1238064,1.2380640000000003,79837,1.2474531250000003
SSs2/3,2146234,2.146234,137269,2.1448281250000005
SSs4,1167164,1.167164,74614,1.1658437500000003
SSs5,2185516,2.1855160000000002,139873,2.1855156250000007
SSs6a,2073148,2.073148,132739,2.0740468750000005
SSs6b,208036,0.20803600000000003,13156,0.20556250000000004
GU,1768314,1.7683140000000004,113196,1.7686875000000004
GU1,196246,0.19624600000000003,12588,0.19668750000000004
GU2/3,401948,0.4019480000000001,25735,0.4021093750000001
GU4,146630,0.14663000000000004,9427,0.14729687500000002
GU5,545318,0.5453180000000001,34860,0.5446875000000001
GU6a,438828,0.43882800000000005,28068,0.4385625000000001
GU6b,39344,0.039344000000000004,2518,0.03934375000000001
VISC,2349560,2.3495600000000003,150619,2.3534218750000004
VISC1,335070,0.33507000000000003,21663,0.33848437500000006
VISC2/3,539812,0.5398120000000001,34556,0.5399375000000002
VISC4,181330,0.18133000000000002,11677,0.18245312500000005
VISC5,706434,0.7064340000000001,45196,0.7061875000000002
VISC6a,534756,0.5347560000000001,34317,0.5362031250000001
VISC6b,52158,0.05215800000000001,3210,0.05015625000000001
AUD,5794248,5.794248000000001,371255,5.800859375000002
AUDd,1214826,1.2148260000000002,77718,1.2143437500000003
AUDd1,196898,0.19689800000000005,12598,0.19684375000000004
AUDd2/3,327356,0.32735600000000004,20957,0.32745312500000007
AUDd4,132508,0.13250800000000001,8479,0.13248437500000004
AUDd5,343066,0.34306600000000004,21944,0.3428750000000001
AUDd6a,184538,0.18453800000000004,11802,0.18440625000000005
AUDd6b,30460,0.030460000000000004,1938,0.030281250000000006
AUDp,2148996,2.1489960000000004,137716,2.1518125000000006
AUDp1,374988,0.37498800000000004,24226,0.3785312500000001
AUDp2/3,472208,0.47220800000000007,30166,0.4713437500000001
AUDp4,234926,0.23492600000000005,15023,0.23473437500000005
AUDp5,713892,0.7138920000000001,45730,0.7145312500000002
AUDp6a,297736,0.29773600000000006,19087,0.29823437500000005
AUDp6b,55246,0.05524600000000001,3484,0.054437500000000014
AUDpo,612204,0.6122040000000001,39164,0.6119375000000001
AUDpo1,112688,0.11268800000000002,7221,0.11282812500000003
AUDpo2/3,146946,0.14694600000000002,9377,0.14651562500000004
AUDpo4,74198,0.07419800000000001,4768,0.07450000000000002
AUDpo5,181350,0.18135000000000004,11609,0.18139062500000006
AUDpo6a,79384,0.07938400000000001,5049,0.07889062500000002
AUDpo6b,17638,0.017638000000000004,1140,0.017812500000000005
AUDv,1818222,1.8182220000000002,116657,1.8227656250000004
AUDv1,285310,0.28531000000000006,18571,0.2901718750000001
AUDv2/3,387476,0.38747600000000004,24722,0.3862812500000001
AUDv4,213616,0.21361600000000003,13693,0.21395312500000005
AUDv5,604668,0.6046680000000001,38671,0.6042343750000001
AUDv6a,281102,0.2811020000000001,18104,0.28287500000000004
AUDv6b,46050,0.04605000000000001,2896,0.04525000000000001
VIS,13468260,13.468260000000003,861383,13.459109375000002
VISal,758224,0.7582240000000001,48435,0.7567968750000001
VISal1,117892,0.11789200000000002,7502,0.11721875000000002
VISal2/3,199314,0.19931400000000005,12714,0.19865625000000003
VISal4,104152,0.10415200000000002,6639,0.10373437500000003
VISal5,202942,0.20294200000000004,13011,0.20329687500000004
VISal6a,111674,0.11167400000000002,7147,0.11167187500000003
VISal6b,22250,0.022250000000000002,1422,0.022218750000000006
VISam,792558,0.7925580000000001,50601,0.7906406250000002
VISam1,136038,0.13603800000000002,8602,0.13440625000000003
VISam2/3,206952,0.20695200000000002,13301,0.20782812500000006
VISam4,59858,0.05985800000000001,3859,0.060296875000000014
VISam5,227464,0.22746400000000003,14542,0.22721875000000005
VISam6a,138620,0.13862000000000002,8702,0.13596875000000003
VISam6b,23626,0.023626000000000005,1595,0.024921875000000007
VISl,1225624,1.2256240000000003,78459,1.2259218750000003
VISl1,185148,0.18514800000000003,11854,0.18521875000000004
VISl2/3,301588,0.301588,19298,0.3015312500000001
VISl4,179084,0.17908400000000002,11472,0.17925000000000005
VISl5,314522,0.3145220000000001,20110,0.3142187500000001
VISl6a,207042,0.20704200000000003,13260,0.20718750000000005
VISl6b,38240,0.03824,2465,0.03851562500000001
VISp,7074134,7.074134000000001,452664,7.072875000000002
VISp1,1263430,1.2634300000000003,80747,1.2616718750000002
VISp2/3,1999040,1.9990400000000004,127983,1.9997343750000005
VISp4,1023640,1.02364,65560,1.0243750000000003
VISp5,1552688,1.5526880000000003,99343,1.5522343750000003
VISp6a,1070864,1.0708640000000003,68387,1.0685468750000002
VISp6b,164472,0.16447200000000003,10644,0.16631250000000003
VISpl,794466,0.7944660000000001,50745,0.7928906250000002
VISpl1,193790,0.19379000000000005,12115,0.18929687500000006
VISpl2/3,205150,0.20515000000000003,13341,0.20845312500000004
VISpl4,36638,0.036638000000000004,2308,0.03606250000000001
VISpl5,242812,0.24281200000000003,15560,0.24312500000000006
VISpl6a,107274,0.10727400000000002,6870,0.10734375000000003
VISpl6b,8802,0.008802,551,0.008609375000000002
VISpm,1048764,1.0487640000000003,66859,1.0446718750000001
VISpm1,190650,0.19065000000000004,12049,0.18826562500000005
VISpm2/3,292206,0.292206,18770,0.29328125000000005
VISpm4,98818,0.09881800000000002,6309,0.09857812500000003
VISpm5,287120,0.28712000000000004,18275,0.2855468750000001
VISpm6a,151974,0.15197400000000003,9662,0.15096875000000004
VISpm6b,27996,0.027996000000000004,1794,0.028031250000000008
VISli,492086,0.4920860000000001,31525,0.49257812500000014
VISli1,74152,0.07415200000000001,4778,0.07465625000000002
VISli2/3,117252,0.11725200000000002,7498,0.11715625000000003
VISli4,57256,0.05725600000000001,3653,0.057078125000000014
VISli5,147946,0.14794600000000002,9489,0.14826562500000004
VISli6a,79344,0.07934400000000001,5080,0.07937500000000001
VISli6b,16136,0.016136,1027,0.016046875000000002
VISpor,1282404,1.2824040000000003,82095,1.2827343750000002
VISpor1,249644,0.24964400000000003,16026,0.25040625000000005
VISpor2/3,373972,0.3739720000000001,23927,0.3738593750000001
VISpor4,60632,0.06063200000000001,3872,0.06050000000000001
VISpor5,385168,0.38516800000000007,24639,0.3849843750000001
VISpor6a,180262,0.18026200000000003,11541,0.18032812500000003
VISpor6b,32726,0.032726000000000005,2090,0.032656250000000005
ACA,5539862,5.539862000000001,354549,5.539828125000001
ACAd,3131334,3.1313340000000007,200306,3.1297812500000006
ACAd1,605854,0.6058540000000001,38133,0.5958281250000002
ACAd2/3,604314,0.6043140000000001,39098,0.6109062500000001
ACAd5,1197522,1.1975220000000002,76687,1.1982343750000002
ACAd6a,698928,0.6989280000000001,44804,0.7000625000000001
ACAd6b,24716,0.024716000000000005,1584,0.024750000000000005
ACAv,2408528,2.4085280000000004,154243,2.4100468750000004
ACAv1,478240,0.47824000000000005,30297,0.4733906250000001
ACAv2/3,502274,0.5022740000000001,32601,0.5093906250000001
ACAv5,1002560,1.0025600000000001,64153,1.0023906250000003
ACAv6a,363392,0.36339200000000005,23226,0.3629062500000001
ACAv6b,62062,0.06206200000000001,3966,0.06196875000000002
PL,2410398,2.4103980000000003,154127,2.4082343750000006
PL1,523834,0.5238340000000001,33240,0.5193750000000001
PL2/3,420622,0.42062200000000005,26811,0.4189218750000001
PL5,979438,0.9794380000000001,63042,0.9850312500000002
PL6a,465136,0.4651360000000001,29663,0.4634843750000001
PL6b,21368,0.021368000000000005,1371,0.021421875000000003
ILA,844322,0.8443220000000001,53963,0.8431718750000002
ILA1,151252,0.15125200000000003,9609,0.15014062500000003
ILA2/3,140956,0.14095600000000003,9157,0.14307812500000003
ILA5,336210,0.33621000000000006,21394,0.3342812500000001
ILA6a,205076,0.20507600000000004,13114,0.20490625000000004
ILA6b,10828,0.010828000000000003,689,0.010765625000000003
ORB,5904280,5.904280000000001,377720,5.901875000000001
ORBl,2728124,2.7281240000000007,174531,2.7270468750000005
ORBl1,375418,0.3754180000000001,24007,0.3751093750000001
ORBl2/3,621188,0.6211880000000001,39769,0.6213906250000002
ORBl5,1206904,1.2069040000000002,77287,1.2076093750000003
ORBl6a,480880,0.4808800000000001,30562,0.47753125000000013
ORBl6b,43734,0.04373400000000001,2906,0.04540625000000001
ORBm,1399370,1.3993700000000002,89466,1.3979062500000003
ORBm1,420842,0.42084200000000005,26955,0.4211718750000001
ORBm2/3,316968,0.316968,20153,0.3148906250000001
ORBm5,471140,0.47114000000000006,30184,0.4716250000000001
ORBm6a,186712,0.18671200000000004,11931,0.18642187500000004
ORBm6b,3708,0.003708000000000001,243,0.0037968750000000008
ORBvl,1776786,1.7767860000000002,113723,1.7769218750000004
ORBvl1,385114,0.38511400000000007,24693,0.3858281250000001
ORBvl2/3,523316,0.5233160000000001,33502,0.5234687500000001
ORBvl5,619944,0.619944,39639,0.6193593750000002
ORBvl6a,238782,0.23878200000000005,15242,0.23815625000000007
ORBvl6b,9630,0.009630000000000001,647,0.010109375000000002
AI,7894106,7.894106000000002,505435,7.897421875000002
AId,3724650,3.7246500000000005,238486,3.7263437500000007
AId1,459546,0.45954600000000007,29473,0.4605156250000001
AId2/3,925512,0.9255120000000001,59244,0.9256875000000002
AId5,1509586,1.5095860000000003,96632,1.5098750000000003
AId6a,781724,0.7817240000000001,50002,0.7812812500000001
AId6b,48282,0.048282000000000005,3135,0.04898437500000001
AIp,2434626,2.4346260000000006,155849,2.4351406250000007
AIp1,422038,0.4220380000000001,27060,0.4228125000000001
AIp2/3,803644,0.8036440000000001,51401,0.8031406250000002
AIp5,752576,0.7525760000000001,48165,0.7525781250000002
AIp6a,435738,0.43573800000000007,27900,0.4359375000000001
AIp6b,20630,0.020630000000000003,1323,0.020671875000000006
AIv,1734830,1.7348300000000003,111100,1.7359375000000004
AIv1,248482,0.24848200000000004,16036,0.2505625000000001
AIv2/3,594928,0.5949280000000001,38034,0.5942812500000001
AIv5,720432,0.7204320000000001,46103,0.7203593750000001
AIv6a,167928,0.16792800000000002,10733,0.16770312500000004
AIv6b,3060,0.0030600000000000007,194,0.0030312500000000005
RSP,10503636,10.503636000000002,672063,10.500984375000003
RSPagl,2357084,2.3570840000000004,150743,2.3553593750000004
RSPagl1,507296,0.5072960000000001,32392,0.5061250000000002
RSPagl2/3,669946,0.6699460000000002,42857,0.6696406250000002
RSPagl5,733242,0.7332420000000002,46896,0.7327500000000001
RSPagl6a,412238,0.41223800000000005,26287,0.4107343750000001
RSPagl6b,34362,0.034362000000000004,2311,0.036109375000000006
RSPd,3799386,3.7993860000000006,242928,3.795750000000001
RSPd1,833240,0.8332400000000001,52969,0.8276406250000002
RSPd2/3,972450,0.9724500000000001,62330,0.9739062500000002
RSPd4,2,2.0000000000000003e-06,0,0.0
RSPd5,1205990,1.2059900000000001,77137,1.2052656250000002
RSPd6a,756694,0.7566940000000001,48445,0.7569531250000002
RSPd6b,31010,0.031010000000000006,2047,0.03198437500000001
RSPv,4347166,4.3471660000000005,278392,4.349875000000001
RSPv1,947416,0.9474160000000001,60568,0.9463750000000002
RSPv2/3,1012970,1.0129700000000001,65218,1.0190312500000003
RSPv5,1678750,1.6787500000000002,107310,1.6767187500000005
RSPv6a,659730,0.6597300000000001,42175,0.6589843750000002
RSPv6b,48300,0.04830000000000001,3121,0.048765625000000014
PTLp,2456828,2.4568280000000002,157056,2.4540000000000006
VISa,1439164,1.4391640000000003,92031,1.4379843750000003
VISa1,239674,0.23967400000000005,15284,0.23881250000000007
VISa2/3,426718,0.4267180000000001,27287,0.4263593750000001
VISa4,154800,0.15480000000000002,9933,0.15520312500000003
VISa5,355238,0.35523800000000005,22713,0.35489062500000007
VISa6a,223374,0.22337400000000004,14266,0.22290625000000006
VISa6b,39360,0.039360000000000006,2548,0.03981250000000001
VISrl,1017664,1.0176640000000001,65025,1.0160156250000003
VISrl1,170740,0.17074000000000003,10858,0.16965625000000004
VISrl2/3,276390,0.27639,17648,0.27575000000000005
VISrl4,146294,0.14629400000000004,9373,0.14645312500000005
VISrl5,244294,0.24429400000000004,15623,0.24410937500000005
VISrl6a,151428,0.15142800000000003,9688,0.15137500000000004
VISrl6b,28518,0.028518000000000005,1835,0.028671875000000006
TEa,3102282,3.1022820000000007,198801,3.1062656250000007
TEa1,525406,0.525406,34006,0.5313437500000001
TEa2/3,701596,0.7015960000000001,44795,0.6999218750000001
TEa4,312818,0.31281800000000004,19976,0.3121250000000001
TEa5,949232,0.9492320000000002,60878,0.9512187500000002
TEa6a,523472,0.523472,33590,0.5248437500000002
TEa6b,89758,0.08975800000000002,5556,0.08681250000000001
PERI,789792,0.7897920000000002,50565,0.7900781250000002
PERI1,221266,0.22126600000000005,14224,0.22225000000000006
PERI2/3,333110,0.3331100000000001,21305,0.3328906250000001
PERI5,168374,0.16837400000000002,10756,0.16806250000000003
PERI6a,53894,0.05389400000000001,3437,0.05370312500000001
PERI6b,13148,0.013148000000000002,843,0.013171875000000003
ECT,1712238,1.7122380000000004,109560,1.7118750000000005
ECT1,258520,0.25852,16685,0.26070312500000004
ECT2/3,476150,0.4761500000000001,30445,0.4757031250000001
ECT5,529802,0.5298020000000001,33862,0.5290937500000001
ECT6a,388414,0.38841400000000004,24962,0.3900312500000001
ECT6b,59352,0.05935200000000001,3606,0.05634375000000001
OLF,46701932,46.701932000000006,2988743,46.69910937500001
MOB,16464300,16.4643,1053648,16.463250000000002
AOB,652032,0.6520320000000001,41698,0.6515312500000001
AOBgl,154454,0.15445400000000004,9886,0.15446875000000004
AOBgr,220288,0.22028800000000004,14107,0.22042187500000004
AOBmi,277290,0.27729000000000004,17705,0.2766406250000001
AON,4870684,4.870684000000001,311661,4.869703125000001
TT,1440998,1.4409980000000002,92431,1.4442343750000004
TTd,723370,0.7233700000000001,46375,0.7246093750000002
TTv,717628,0.7176280000000002,46056,0.7196250000000002
DP,504720,0.5047200000000001,32116,0.5018125000000001
PIR,11566814,11.566814000000003,740202,11.565656250000004
NLOT,319480,0.31948000000000004,20395,0.31867187500000005
NLOT1,111502,0.11150200000000002,7131,0.11142187500000003
NLOT2,149582,0.14958200000000002,9563,0.14942187500000004
NLOT3,58396,0.05839600000000001,3701,0.057828125000000015
COA,3265152,3.2651520000000005,208963,3.265046875000001
COAa,767476,0.7674760000000002,49142,0.7678437500000002
COAp,2497676,2.4976760000000002,159821,2.4972031250000004
COApl,1202336,1.2023360000000003,76930,1.2020312500000003
COApm,1295340,1.2953400000000002,82891,1.2951718750000003
PAA,1191612,1.1916120000000001,76240,1.1912500000000004
TR,1404722,1.4047220000000002,89508,1.3985625000000004
HPF,42641090,42.641090000000005,2729405,42.64695312500001
HIP,23715574,23.715574000000004,1518839,23.731859375000006
CA,16931028,16.931028,1084697,16.948390625000005
CA1,10191672,10.191672000000002,653391,10.209234375000003
CA2,475930,0.4759300000000001,30421,0.4753281250000001
CA3,6263426,6.263426000000001,400885,6.263828125000002
DG,6597176,6.597176000000001,422237,6.597453125000001
DG-mo,4306642,4.306642000000001,275894,4.310843750000001
DG-po,685994,0.6859940000000001,43800,0.6843750000000002
DG-sg,1604540,1.6045400000000003,102543,1.6022343750000003
FC,61680,0.06168000000000001,3947,0.061671875000000015
IG,125690,0.12569000000000002,7958,0.12434375000000003
RHP,18504594,18.504594000000004,1183617,18.494015625000003
ENT,11396888,11.396888000000002,730199,11.409359375000003
ENTl,6378088,6.378088000000001,408232,6.378625000000001
ENTl1,979142,0.9791420000000002,62794,0.9811562500000003
ENTl2,1604416,1.6044160000000003,102602,1.6031562500000003
ENTl3,1317080,1.3170800000000003,84281,1.3168906250000003
ENTl5,1428774,1.4287740000000002,91401,1.4281406250000004
ENTl6a,1048676,1.0486760000000002,67154,1.0492812500000002
ENTm,5018800,5.018800000000001,321967,5.0307343750000015
ENTm1,1246100,1.2461000000000002,79710,1.2454687500000003
ENTm2,1255434,1.2554340000000002,80671,1.2604843750000003
ENTm3,983148,0.9831480000000001,62938,0.9834062500000003
ENTm5,911528,0.9115280000000001,58465,0.9135156250000002
ENTm6,622590,0.6225900000000001,40183,0.6278593750000001
PAR,932876,0.9328760000000001,59690,0.9326562500000002
POST,1084318,1.0843180000000001,69144,1.0803750000000003
PRE,916690,0.9166900000000001,59134,0.9239687500000002
SUB,2097794,2.0977940000000004,134629,2.1035781250000003
ProS,1328060,1.3280600000000002,83187,1.2997968750000004
HATA,421334,0.4213340000000001,26994,0.4217812500000001
APr,326634,0.32663400000000004,20640,0.32250000000000006
CTXsp,8907902,8.907902000000002,569974,8.905843750000003
CLA,550738,0.5507380000000001,35283,0.5512968750000001
EP,2792504,2.7925040000000005,178554,2.7899062500000005
EPd,1819782,1.8197820000000002,116294,1.8170937500000004
EPv,972722,0.9727220000000002,62260,0.9728125000000002
LA,840288,0.8402880000000001,53680,0.8387500000000002
BLA,1900282,1.9002820000000002,121613,1.9002031250000004
BLAa,769610,0.7696100000000001,49305,0.7703906250000002
BLAp,711236,0.7112360000000001,45512,0.7111250000000001
BLAv,419436,0.4194360000000001,26796,0.4186875000000001
BMA,1485188,1.4851880000000002,95068,1.4854375000000004
BMAa,767422,0.7674220000000002,49159,0.7681093750000002
BMAp,717766,0.7177660000000001,45909,0.7173281250000002
PA,966658,0.9666580000000001,61821,0.9659531250000002
CNU,54326608,54.32660800000001,3476934,54.32709375000001
STR,44961798,44.96179800000001,2877420,44.95968750000001
STRd,26018770,26.018770000000004,1665238,26.019343750000004
CP,26018770,26.018770000000004,1665238,26.019343750000004
STRv,8653520,8.653520000000002,553542,8.649093750000002
ACB,4401366,4.401366,281489,4.398265625000001
FS,428468,0.42846800000000007,27633,0.4317656250000001
OT,3823686,3.823686000000001,244420,3.8190625000000007
LSX,3564062,3.5640620000000007,228015,3.5627343750000007
LS,3052752,3.0527520000000004,195287,3.0513593750000005
LSc,563602,0.563602,36018,0.5627812500000001
LSr,1881914,1.8819140000000003,120383,1.8809843750000004
LSv,607236,0.6072360000000001,38886,0.6075937500000002
SF,474314,0.47431400000000007,30348,0.4741875000000001
SH,36996,0.03699600000000001,2380,0.03718750000000001
sAMY,4047624,4.047624000000001,259061,4.0478281250000006
AAA,494370,0.4943700000000001,31652,0.4945625000000001
BA,24958,0.024958000000000004,1603,0.025046875000000007
CEA,1317000,1.3170000000000002,84333,1.3177031250000004
CEAc,309320,0.30932000000000004,19807,0.3094843750000001
CEAl,259674,0.259674,16635,0.2599218750000001
CEAm,748006,0.7480060000000002,47891,0.7482968750000002
IA,182714,0.18271400000000004,11701,0.18282812500000004
MEA,2028582,2.0285820000000006,129772,2.0276875000000003
PAL,9364810,9.364810000000002,599514,9.367406250000002
PALd,1988394,1.9883940000000004,127214,1.9877187500000004
GPe,1564816,1.5648160000000002,100114,1.5642812500000003
GPi,423578,0.42357800000000007,27100,0.4234375000000001
PALv,3391388,3.3913880000000005,217115,3.3924218750000006
SI,3027112,3.0271120000000007,193782,3.0278437500000006
MA,364276,0.36427600000000004,23333,0.3645781250000001
PALm,1510950,1.5109500000000002,96631,1.5098593750000004
MSC,1155100,1.1551000000000002,73827,1.1535468750000002
MS,415168,0.4151680000000001,26547,0.4147968750000001
NDB,739932,0.7399320000000001,47280,0.7387500000000001
TRS,355850,0.35585000000000006,22804,0.3563125000000001
PALc,1348458,1.3484580000000002,86275,1.3480468750000003
BST,1340702,1.3407020000000003,85792,1.3405000000000002
BAC,7756,0.007756000000000002,483,0.0075468750000000015
BS,119891782,119.89178200000002,7673271,119.89485937500002
IB,35476954,35.476954000000006,2270266,35.47290625000001
TH,20274752,20.274752000000003,1297712,20.276750000000003
DORsm,6680726,6.680726000000001,427374,6.677718750000001
VENT,4859792,4.8597920000000006,310937,4.858390625000001
VAL,817044,0.8170440000000001,52314,0.8174062500000002
VM,928730,0.9287300000000002,59299,0.9265468750000002
VP,2834416,2.8344160000000005,181415,2.8346093750000008
VPL,875674,0.8756740000000002,56111,0.8767343750000002
VPLpc,98824,0.09882400000000002,6326,0.09884375000000002
VPM,1644660,1.6446600000000002,105262,1.6447187500000005
VPMpc,215258,0.21525800000000003,13716,0.21431250000000004
PoT,279602,0.2796020000000001,17909,0.2798281250000001
SPF,204992,0.20499200000000004,13046,0.20384375000000005
SPFm,70074,0.07007400000000001,4449,0.06951562500000001
SPFp,134918,0.134918,8597,0.13432812500000002
SPA,132628,0.13262800000000002,8454,0.13209375000000004
PP,61144,0.06114400000000001,3932,0.06143750000000001
GENd,1422170,1.4221700000000002,91005,1.4219531250000004
MG,699844,0.6998440000000001,44779,0.6996718750000002
MGd,173090,0.17309000000000002,11021,0.17220312500000004
MGv,276444,0.276444,17737,0.2771406250000001
MGm,250310,0.25031000000000003,16021,0.25032812500000007
LGd,722326,0.7223260000000001,46226,0.7222812500000002
LGd-sh,207304,0.20730400000000004,13279,0.20748437500000005
LGd-co,419172,0.41917200000000004,26813,0.4189531250000001
LGd-ip,95850,0.09585000000000002,6134,0.09584375000000002
DORpm,12674246,12.674246000000002,811504,12.679750000000004
LAT,3075398,3.0753980000000003,197105,3.0797656250000007
LP,1200686,1.2006860000000001,77053,1.2039531250000002
PO,1252618,1.2526180000000002,80140,1.2521875000000002
POL,205490,0.20549000000000003,13149,0.20545312500000004
SGN,180892,0.18089200000000002,11633,0.18176562500000004
Eth,235712,0.23571200000000003,15130,0.23640625000000007
ATN,2158754,2.1587540000000005,138143,2.1584843750000005
AV,415604,0.4156040000000001,26622,0.4159687500000001
AM,410622,0.41062200000000004,26289,0.4107656250000001
AMd,244270,0.24427000000000004,15662,0.24471875000000007
AMv,166352,0.16635200000000003,10627,0.16604687500000004
AD,161114,0.16111400000000003,10248,0.16012500000000005
IAM,43372,0.04337200000000001,2742,0.04284375000000001
IAD,111558,0.11155800000000002,7225,0.11289062500000002
LD,1016484,1.0164840000000002,65017,1.0158906250000002
MED,2017460,2.0174600000000003,128847,2.0132343750000006
IMD,176410,0.17641000000000004,11270,0.17609375000000005
MD,1383390,1.3833900000000001,88198,1.3780937500000003
SMT,306336,0.30633600000000005,19682,0.3075312500000001
PR,151324,0.15132400000000001,9697,0.15151562500000004
MTN,1186056,1.1860560000000002,75891,1.1857968750000003
PVT,444484,0.4444840000000001,28430,0.4442187500000001
PT,229952,0.22995200000000005,14706,0.22978125000000005
RE,423954,0.42395400000000005,27167,0.4244843750000001
Xi,87666,0.08766600000000001,5588,0.08731250000000002
ILM,1600950,1.6009500000000003,102789,1.6060781250000005
RH,90694,0.09069400000000001,5829,0.09107812500000002
CM,249570,0.24957000000000004,15985,0.24976562500000005
PCN,238112,0.23811200000000005,15258,0.23840625000000007
CL,360936,0.36093600000000003,23142,0.3615937500000001
PF,485994,0.4859940000000001,31335,0.4896093750000001
PIL,175644,0.17564400000000002,11240,0.17562500000000003
RT,1447360,1.4473600000000002,92624,1.4472500000000004
GENv,523522,0.523522,33480,0.5231250000000002
IGL,68420,0.06842000000000001,4415,0.06898437500000001
IntG,22500,0.022500000000000003,1448,0.022625000000000006
LGv,405742,0.40574200000000005,25892,0.4045625000000001
SubG,26860,0.026860000000000005,1725,0.026953125000000005
EPI,664746,0.6647460000000001,42625,0.6660156250000001
MH,320028,0.32002800000000003,20492,0.32018750000000007
LH,344718,0.3447180000000001,22133,0.3458281250000001
HY,15202202,15.202202000000003,972554,15.196156250000003
PVZ,782664,0.7826640000000001,49804,0.7781875000000001
SO,46946,0.04694600000000001,2998,0.04684375000000001
ASO,6214,0.006214000000000001,388,0.006062500000000001
PVH,188750,0.18875000000000003,12076,0.18868750000000004
PVa,50782,0.05078200000000001,3191,0.04985937500000001
PVi,205036,0.20503600000000002,12826,0.20040625000000004
ARH,284936,0.284936,18325,0.28632812500000004
PVR,2045774,2.045774,131182,2.0497187500000007
ADP,99530,0.09953000000000002,6385,0.09976562500000002
AVP,92556,0.09255600000000001,5898,0.09215625000000002
AVPV,181184,0.18118400000000004,11711,0.18298437500000003
DMH,376062,0.37606200000000006,24068,0.3760625000000001
MEPO,40260,0.040260000000000004,2595,0.04054687500000001
MPO,555530,0.5555300000000001,35645,0.5569531250000002
OV,8664,0.008664000000000002,560,0.008750000000000003
PD,11666,0.011666000000000003,743,0.011609375000000003
PS,96670,0.09667000000000002,6173,0.09645312500000003
PVp,124558,0.12455800000000002,8126,0.12696875000000002
PVpo,147648,0.14764800000000003,9158,0.14309375000000005
SBPV,109400,0.10940000000000003,7008,0.10950000000000003
SCH,65776,0.06577600000000002,4229,0.06607812500000002
SFO,20716,0.020716000000000002,1382,0.021593750000000005
VMPO,50128,0.050128000000000006,3210,0.05015625000000001
VLPO,65426,0.06542600000000001,4291,0.06704687500000002
MEZ,3847266,3.8472660000000007,246143,3.845984375000001
AHN,710594,0.7105940000000002,45466,0.7104062500000001
MBO,1015810,1.01581,65031,1.0161093750000003
LM,77444,0.07744400000000001,4951,0.07735937500000002
MM,540136,0.5401360000000001,34601,0.5406406250000001
MMme,76958,0.07695800000000001,4967,0.07760937500000002
MMl,212658,0.21265800000000004,13659,0.21342187500000004
MMm,135784,0.13578400000000002,8710,0.13609375000000004
MMp,37878,0.03787800000000001,2388,0.03731250000000001
MMd,76858,0.07685800000000001,4877,0.07620312500000002
SUM,254722,0.25472200000000006,16305,0.25476562500000005
TM,143508,0.14350800000000002,9174,0.14334375000000005
TMd,35706,0.03570600000000001,2243,0.035046875000000005
TMv,107802,0.10780200000000002,6931,0.10829687500000003
MPN,406420,0.40642000000000006,25896,0.4046250000000001
PMd,132210,0.13221000000000002,8433,0.13176562500000003
PMv,195022,0.19502200000000003,12528,0.19575000000000004
PVHd,130642,0.130642,8369,0.13076562500000002
VMH,549454,0.5494540000000001,35169,0.5495156250000002
PH,707114,0.7071140000000001,45251,0.7070468750000002
LZ,5685588,5.685588000000001,363918,5.686218750000001
LHA,2064508,2.0645080000000005,132570,2.0714062500000003
LPO,559976,0.5599760000000001,35519,0.5549843750000001
PST,12456,0.012456000000000002,816,0.012750000000000003
PSTN,166506,0.16650600000000002,10628,0.16606250000000003
PeF,214254,0.21425400000000003,13728,0.21450000000000005
RCH,150330,0.15033000000000002,9449,0.14764062500000003
STN,194600,0.19460000000000002,12463,0.19473437500000004
TU,523216,0.5232160000000001,33500,0.5234375000000001
ZI,1799742,1.7997420000000004,115245,1.8007031250000005
FF,240814,0.24081400000000003,15439,0.24123437500000006
ME,81550,0.08155000000000001,5077,0.07932812500000001
MB,36740486,36.740486000000004,2351722,36.74565625000001
MBsen,6856862,6.856862000000001,438991,6.8592343750000015
SCs,2156454,2.1564540000000005,138134,2.1583437500000007
SCop,642388,0.6423880000000001,41155,0.6430468750000001
SCsg,1152824,1.1528240000000003,73727,1.1519843750000003
SCzo,361242,0.36124200000000006,23252,0.3633125000000001
IC,4445566,4.445566,284601,4.446890625000001
ICc,1126574,1.1265740000000002,72083,1.1262968750000002
ICd,1323802,1.3238020000000001,84648,1.3226250000000004
ICe,1995190,1.9951900000000002,127870,1.9979687500000005
NB,87926,0.08792600000000002,5607,0.08760937500000002
SAG,98190,0.09819000000000001,6286,0.09821875000000002
PBG,44764,0.044764000000000005,2852,0.04456250000000001
MEV,9484,0.009484000000000001,606,0.009468750000000001
SCO,14478,0.014478000000000003,905,0.014140625000000004
MBmot,21297964,21.297964000000004,1362923,21.295671875000004
SNr,1549976,1.5499760000000002,99080,1.5481250000000004
VTA,428618,0.42861800000000005,27365,0.4275781250000001
PN,21736,0.021736000000000005,1406,0.021968750000000006
RR,137776,0.137776,8846,0.13821875000000003
MRN,5143256,5.143256000000001,329045,5.141328125000001
SCm,5652434,5.652434000000001,362060,5.657187500000001
SCdg,1194828,1.1948280000000002,76483,1.1950468750000003
SCdw,330292,0.33029200000000003,21283,0.3325468750000001
SCiw,2089810,2.0898100000000004,133937,2.0927656250000006
SCig,2037504,2.037504,130357,2.0368281250000004
PAG,4693792,4.693792000000001,300258,4.6915312500000015
PRC,170706,0.17070600000000002,10968,0.17137500000000003
INC,79728,0.07972800000000001,5086,0.07946875000000002
ND,92372,0.09237200000000001,5871,0.09173437500000002
Su3,42112,0.042112000000000004,2686,0.04196875000000001
PRT,2080124,2.0801240000000005,133081,2.0793906250000007
APN,1276024,1.2760240000000003,81666,1.2760312500000004
MPT,43788,0.04378800000000001,2821,0.04407812500000001
NOT,205480,0.20548000000000002,13159,0.20560937500000004
NPC,289708,0.289708,18484,0.2888125000000001
OP,58126,0.05812600000000001,3733,0.058328125000000015
PPT,144830,0.14483000000000001,9225,0.14414062500000002
RPF,62168,0.06216800000000001,3993,0.06239062500000001
CUN,551428,0.5514280000000001,35272,0.5511250000000001
RN,787766,0.7877660000000001,50443,0.7881718750000002
III,32532,0.032532000000000005,2084,0.03256250000000001
MA3,16356,0.016356000000000002,1040,0.016250000000000004
EW,25458,0.025458000000000005,1664,0.026000000000000006
IV,7258,0.007258000000000001,454,0.007093750000000002
Pa4,16166,0.016166000000000003,1025,0.016015625000000002
VTN,37530,0.03753000000000001,2418,0.03778125000000001
AT,43064,0.043064000000000005,2757,0.04307812500000001
LT,17884,0.017884000000000004,1147,0.017921875000000004
DT,11452,0.011452000000000002,725,0.011328125000000003
MT,43358,0.04335800000000001,2753,0.04301562500000001
MBsta,1822778,1.8227780000000002,116692,1.8233125000000003
SNc,196792,0.19679200000000002,12629,0.19732812500000005
PPN,892486,0.8924860000000001,56987,0.8904218750000003
RAmb,733500,0.7335000000000002,47076,0.7355625000000002
IF,86796,0.08679600000000001,5559,0.08685937500000002
IPN,354972,0.35497200000000007,22817,0.35651562500000006
IPR,80340,0.08034000000000001,5112,0.07987500000000002
IPC,68470,0.06847000000000002,4363,0.06817187500000002
IPA,25108,0.025108000000000005,1631,0.025484375000000007
IPL,62012,0.06201200000000001,3967,0.061984375000000015
IPI,31928,0.031928000000000005,2104,0.03287500000000001
IPDM,19070,0.019070000000000004,1214,0.018968750000000003
IPDL,37920,0.03792000000000001,2425,0.03789062500000001
IPRL,19074,0.019074000000000004,1224,0.019125000000000003
RL,55664,0.05566400000000001,3546,0.05540625000000001
CLI,83176,0.08317600000000001,5340,0.08343750000000003
DR,152892,0.15289200000000003,9814,0.15334375000000003
HB,47674342,47.67434200000001,3051283,47.67629687500001
P,16709052,16.709052000000003,1069305,16.707890625000005
P-sen,3850166,3.8501660000000006,245954,3.843031250000001
NLL,723784,0.7237840000000001,46328,0.7238750000000002
PSV,1106076,1.1060760000000003,70327,1.0988593750000002
PB,1121664,1.1216640000000002,71766,1.1213437500000003
KF,175206,0.17520600000000003,11222,0.17534375000000005
SOC,898642,0.8986420000000002,57533,0.8989531250000002
POR,365934,0.36593400000000004,23362,0.3650312500000001
SOCm,195214,0.19521400000000003,12516,0.19556250000000006
SOCl,337494,0.33749400000000007,21655,0.3383593750000001
P-mot,5794764,5.794764000000001,370769,5.793265625000001
B,15566,0.015566000000000003,994,0.015531250000000003
DTN,103734,0.10373400000000002,6637,0.10370312500000002
PDTg,48028,0.04802800000000001,3062,0.04784375000000001
PCG,541422,0.5414220000000001,34776,0.5433750000000002
PG,965046,0.9650460000000002,61699,0.9640468750000002
PRNc,2349048,2.3490480000000002,150278,2.3480937500000008
SG,17360,0.017360000000000004,1111,0.017359375000000003
SUT,259600,0.25960000000000005,16640,0.26000000000000006
TRN,689664,0.6896640000000002,44144,0.6897500000000002
V,354758,0.3547580000000001,22692,0.35456250000000006
P5,321414,0.32141400000000003,20516,0.3205625000000001
Acs5,13912,0.013912000000000002,914,0.014281250000000004
PC5,70708,0.07070800000000001,4487,0.07010937500000002
I5,44504,0.04450400000000001,2819,0.04404687500000001
P-sat,3462014,3.4620140000000004,221236,3.4568125000000007
CS,601652,0.6016520000000001,38338,0.5990312500000001
LC,14486,0.014486000000000002,931,0.014546875000000004
LDT,203476,0.20347600000000005,13054,0.20396875000000006
NI,108230,0.10823000000000002,6776,0.10587500000000002
PRNr,2363054,2.3630540000000004,151264,2.3635000000000006
RPO,97170,0.09717000000000002,6164,0.09631250000000002
SLC,26734,0.026734000000000004,1694,0.026468750000000006
SLD,47212,0.04721200000000001,3015,0.04710937500000001
MY,30965290,30.965290000000007,1981978,30.968406250000008
MY-sen,7933114,7.9331140000000016,507908,7.936062500000002
AP,52784,0.05278400000000001,3397,0.05307812500000001
CN,1629282,1.6292820000000003,104247,1.6288593750000004
DCO,612196,0.6121960000000001,39123,0.6112968750000002
VCO,1017086,1.0170860000000002,65124,1.0175625000000001
DCN,414748,0.41474800000000006,26574,0.4152187500000001
CU,333124,0.33312400000000003,21342,0.3334687500000001
GR,81624,0.08162400000000002,5232,0.08175000000000002
ECU,204724,0.20472400000000004,13130,0.20515625000000004
NTB,154456,0.15445600000000004,9895,0.15460937500000005
NTS,848828,0.8488280000000001,54354,0.8492812500000002
SPVC,1680902,1.6809020000000003,107628,1.6816875000000004
SPVI,1848386,1.8483860000000003,118142,1.8459687500000004
SPVO,996370,0.9963700000000002,63978,0.9996562500000002
Pa5,102634,0.10263400000000002,6563,0.10254687500000002
MY-mot,17489144,17.489144000000003,1119368,17.490125000000003
VI,30332,0.030332000000000005,1949,0.030453125000000008
VII,916898,0.9168980000000001,58708,0.9173125000000002
ACVII,5628,0.005628000000000001,353,0.005515625000000001
AMB,43088,0.04308800000000001,2763,0.04317187500000001
AMBd,21208,0.021208000000000005,1359,0.021234375000000007
AMBv,21880,0.021880000000000004,1404,0.021937500000000006
DMX,174194,0.17419400000000002,11139,0.17404687500000005
GRN,2623754,2.6237540000000004,167474,2.6167812500000007
ICB,53468,0.05346800000000001,3458,0.05403125000000001
IO,511758,0.511758,32619,0.5096718750000001
IRN,2777478,2.7774780000000003,177667,2.7760468750000005
ISN,7224,0.007224000000000001,460,0.007187500000000002
LIN,61296,0.06129600000000001,3948,0.06168750000000001
LRN,569734,0.5697340000000001,36465,0.5697656250000002
LRNm,512858,0.512858,32803,0.5125468750000001
LRNp,56876,0.05687600000000001,3662,0.05721875000000001
MARN,533332,0.5333320000000001,34099,0.5327968750000002
MDRN,2036294,2.0362940000000003,130048,2.0320000000000005
MDRNd,1105164,1.1051640000000003,69925,1.0925781250000002
MDRNv,931130,0.9311300000000001,60123,0.9394218750000002
PARN,2230614,2.2306140000000005,143835,2.2474218750000006
PAS,27908,0.027908000000000006,1790,0.027968750000000007
PGRN,947002,0.9470020000000001,60721,0.9487656250000003
PGRNd,239308,0.23930800000000005,15277,0.23870312500000004
PGRNl,707694,0.7076940000000002,45444,0.7100625000000002
PHY,274030,0.27403000000000005,17341,0.2709531250000001
NR,29992,0.029992000000000005,1943,0.030359375000000008
PRP,244038,0.24403800000000003,15398,0.24059375000000005
PPY,94476,0.09447600000000002,6058,0.09465625000000003
VNC,3207466,3.2074660000000006,205319,3.2081093750000007
LAV,287566,0.28756600000000004,18403,0.2875468750000001
MV,1817140,1.8171400000000002,116330,1.8176562500000004
SPIV,749066,0.7490660000000001,47927,0.7488593750000002
SUV,353694,0.35369400000000006,22659,0.3540468750000001
x,57052,0.05705200000000001,3646,0.05696875000000001
XII,282642,0.28264200000000006,18007,0.2813593750000001
y,23476,0.023476000000000004,1501,0.023453125000000005
MY-sat,223536,0.22353600000000004,14448,0.22575000000000006
RM,116932,0.11693200000000002,7657,0.11964062500000003
RPA,66614,0.066614,4336,0.06775000000000002
RO,39990,0.039990000000000005,2455,0.03835937500000001
CB,53842390,53.84239000000001,3445073,53.82926562500001
CBX,51231088,51.23108800000001,3278129,51.22076562500001
VERM,20273620,20.273620000000005,1297102,20.267218750000005
LING,121628,0.12162800000000001,7751,0.12110937500000003
CENT,4079420,4.079420000000001,260812,4.075187500000001
CENT2,1335660,1.3356600000000003,85398,1.3343437500000004
CENT3,2743760,2.7437600000000004,175414,2.7408437500000007
CUL,6725776,6.7257760000000015,430441,6.725640625000001
"CUL4, 5",6725776,6.7257760000000015,430441,6.725640625000001
DEC,3334748,3.3347480000000007,213303,3.332859375000001
FOTU,1053398,1.0533980000000003,67534,1.0552187500000003
PYR,1248018,1.2480180000000003,79865,1.2478906250000004
UVU,2191534,2.1915340000000003,140247,2.1913593750000007
NOD,1519098,1.5190980000000003,97149,1.5179531250000005
HEM,30957468,30.957468000000006,1981027,30.953546875000008
SIM,5696048,5.696048000000001,364470,5.694843750000001
AN,10805632,10.805632000000001,691709,10.807953125000003
ANcr1,5693780,5.693780000000001,364503,5.695359375000002
ANcr2,5111852,5.111852000000001,327206,5.112593750000001
PRM,4883222,4.883222000000001,312452,4.882062500000001
COPY,2506160,2.5061600000000004,160428,2.5066875000000004
PFL,5729140,5.729140000000001,366493,5.726453125000002
FL,1337266,1.3372660000000003,85475,1.3355468750000004
CBN,1782040,1.7820400000000003,114157,1.7837031250000004
FN,502036,0.502036,32062,0.5009687500000001
IP,859874,0.8598740000000001,55134,0.8614687500000002
DN,334984,0.33498400000000006,21510,0.3360937500000001
VeCB,85146,0.08514600000000001,5451,0.08517187500000002
fiber tracts,46921388,46.92138800000001,3003500,46.929687500000014
cm,12354320,12.354320000000001,790233,12.347390625000003
von,13428,0.013428000000000002,862,0.013468750000000003
In,5973186,5.973186000000001,381763,5.965046875000001
onl,4151108,4.151108000000001,265144,4.142875000000001
lotg,1061954,1.0619540000000003,67975,1.0621093750000004
lot,904226,0.9042260000000002,57927,0.9051093750000002
lotd,157728,0.15772800000000003,10048,0.15700000000000003
aco,760124,0.7601240000000001,48644,0.7600625000000002
IIn,1307340,1.3073400000000002,83438,1.3037187500000003
bsc,200776,0.20077600000000004,12763,0.19942187500000005
csc,27886,0.027886000000000005,1753,0.027390625000000005
och,311072,0.31107200000000007,19633,0.3067656250000001
opt,697328,0.6973280000000002,44749,0.6992031250000001
IIIn,209382,0.20938200000000004,13331,0.20829687500000005
mlf,149098,0.14909800000000004,9452,0.14768750000000003
pc,52460,0.05246000000000001,3358,0.052468750000000015
IVn,6804,0.006804000000000001,448,0.007000000000000002
Vn,2377594,2.377594,152592,2.3842500000000006
moV,59550,0.05955000000000001,3816,0.05962500000000001
sV,2318044,2.3180440000000004,148776,2.3246250000000006
sptV,1621766,1.6217660000000003,104258,1.6290312500000004
VIIn,108062,0.10806200000000002,6903,0.10785937500000002
gVIIn,29028,0.029028000000000005,1845,0.028828125000000007
VIIIn,1661226,1.6612260000000003,106337,1.6615156250000005
vVIIIn,250156,0.25015600000000004,16023,0.25035937500000005
cVIIIn,1411070,1.4110700000000003,90314,1.4111562500000003
tb,299444,0.29944400000000004,19238,0.30059375000000005
das,11846,0.011846000000000002,773,0.012078125000000002
ll,835128,0.8351280000000001,53354,0.8336562500000002
cic,18154,0.018154000000000003,1152,0.018000000000000006
bic,246498,0.24649800000000005,15797,0.24682812500000006
Xn,9312,0.009312,599,0.009359375000000001
ts,9312,0.009312,599,0.009359375000000001
drt,687986,0.6879860000000001,43960,0.6868750000000001
cett,687986,0.6879860000000001,43960,0.6868750000000001
dc,22312,0.022312000000000005,1427,0.022296875000000004
cuf,22312,0.022312000000000005,1427,0.022296875000000004
ml,665674,0.6656740000000001,42533,0.6645781250000001
cbf,9806446,9.806446000000001,627720,9.808125000000002
cbc,66936,0.06693600000000001,4378,0.06840625000000002
cbp,2819152,2.8191520000000003,180381,2.818453125000001
scp,856372,0.8563720000000001,54831,0.8567343750000002
dscp,46320,0.04632000000000001,3004,0.046937500000000014
uf,85068,0.08506800000000002,5431,0.08485937500000001
sctv,284174,0.28417400000000004,18263,0.2853593750000001
mcp,1094082,1.0940820000000002,69910,1.0923437500000002
icp,868698,0.8686980000000002,55640,0.8693750000000002
sctd,146176,0.14617600000000003,9396,0.14681250000000004
arb,6920358,6.920358000000001,442961,6.921265625000002
scwm,1073168,1.0731680000000001,68626,1.0722812500000003
lfbs,13864520,13.864520000000002,887663,13.869734375000004
cc,7800396,7.800396000000001,499495,7.804609375000002
fa,1726300,1.7263000000000004,110753,1.7305156250000004
ec,869484,0.8694840000000001,56036,0.8755625000000002
ee,93338,0.09333800000000002,5982,0.09346875000000002
ccg,829366,0.8293660000000002,53119,0.8299843750000002
fp,1365388,1.3653880000000003,87205,1.3625781250000004
ccb,3041046,3.0410460000000006,194643,3.041296875000001
ccs,744958,0.7449580000000001,47793,0.7467656250000002
cst,3695302,3.6953020000000008,236497,3.6952656250000007
int,2097282,2.0972820000000003,134366,2.0994687500000007
cpd,885724,0.8857240000000002,56468,0.8823125000000002
py,560730,0.5607300000000001,35873,0.5605156250000002
pyd,67350,0.06735000000000001,4412,0.06893750000000001
lfbst,2368822,2.368822,151671,2.3698593750000008
em,110634,0.11063400000000002,7079,0.11060937500000002
or,1850764,1.8507640000000003,118419,1.8502968750000004
ar,407424,0.40742400000000006,26173,0.4089531250000001
eps,1228724,1.2287240000000001,78633,1.2286406250000004
epsc,112364,0.11236400000000002,7192,0.11237500000000003
nst,112364,0.11236400000000002,7192,0.11237500000000003
tsp,510510,0.5105100000000001,32639,0.5099843750000002
tspd,4,4.000000000000001e-06,1,1.5625000000000004e-05
dtd,6930,0.006930000000000001,445,0.006953125000000002
tspc,503576,0.5035760000000001,32193,0.5030156250000001
rust,605850,0.6058500000000001,38802,0.6062812500000001
vtd,37360,0.037360000000000004,2380,0.03718750000000001
mfbs,7043616,7.043616000000001,451212,7.050187500000002
mfbc,6222734,6.222734000000001,398629,6.228578125000001
amc,163494,0.16349400000000003,10521,0.16439062500000004
act,212056,0.21205600000000002,13607,0.21260937500000004
cing,1265744,1.2657440000000002,80922,1.2644062500000004
fxs,4240376,4.240376,271708,4.245437500000001
alv,1392646,1.3926460000000003,89379,1.3965468750000003
df,37530,0.03753000000000001,2395,0.03742187500000001
fi,1513754,1.5137540000000003,96935,1.5146093750000003
fxpo,277948,0.27794800000000003,17740,0.2771875000000001
mct,8330,0.00833,522,0.008156250000000002
fx,269618,0.269618,17218,0.26903125000000006
hc,1018498,1.0184980000000001,65259,1.0196718750000002
dhc,953794,0.9537940000000001,61033,0.9536406250000002
vhc,64704,0.06470400000000001,4226,0.06603125000000001
st,341064,0.34106400000000003,21871,0.3417343750000001
stc,35128,0.035128000000000006,2270,0.03546875000000001
mfsbshy,820882,0.8208820000000001,52583,0.8216093750000002
mfb,49344,0.049344000000000006,3186,0.04978125000000001
sup,25028,0.025028000000000005,1672,0.026125000000000006
mfbsma,260398,0.260398,16710,0.26109375000000007
pm,33298,0.03329800000000001,2127,0.03323437500000001
mtt,129556,0.12955600000000003,8280,0.12937500000000002
mtg,65802,0.06580200000000001,4241,0.06626562500000002
mp,31742,0.031742000000000006,2062,0.032218750000000004
mfbse,486112,0.4861120000000001,31015,0.4846093750000001
sm,270700,0.27070000000000005,17293,0.27020312500000004
fr,167622,0.16762200000000002,10681,0.16689062500000004
hbc,47790,0.047790000000000006,3041,0.04751562500000001
VS,5959382,5.959382000000001,382178,5.971531250000002
VL,3701260,3.7012600000000004,236790,3.6998437500000008
SEZ,136484,0.13648400000000002,8738,0.13653125000000002
chpl,1446034,1.4460340000000003,92456,1.4446250000000003
V3,891188,0.8911880000000002,57603,0.9000468750000002
AQ,405256,0.40525600000000006,25997,0.4062031250000001
V4,961246,0.9612460000000002,61757,0.9649531250000002
V4r,461680,0.4616800000000001,29653,0.4633281250000001
c,432,0.0004320000000000001,31,0.0004843750000000001
