acronym,volume_um_10,volume_mm_10
root,506032520,506.0325200000001
grey,449594328,449.5943280000001
CH,275860156,275.860156
CTX,221533548,221.53354800000002
CTXpl,212625646,212.62564600000005
Isocortex,123282624,123.28262400000003
FRP,973876,0.9738760000000002
FRP1,256520,0.25652
FRP2/3,232608,0.23260800000000004
FRP5,371584,0.3715840000000001
FRP6a,112222,0.11222200000000002
FRP6b,942,0.0009420000000000001
MO,24450362,24.450362000000005
MOp,11351334,11.351334000000001
MOp1,1328982,1.3289820000000003
MOp2/3,3689292,3.6892920000000005
MOp5,3272844,3.2728440000000005
MOp6a,2876428,2.8764280000000007
MOp6b,183788,0.18378800000000003
MOs,13099028,13.099028000000002
MOs1,2320426,2.3204260000000003
MOs2/3,3804232,3.8042320000000007
MOs5,4523054,4.523054000000001
MOs6a,2377730,2.3777300000000006
MOs6b,73586,0.07358600000000001
SS,33320260,33.320260000000005
SSp,24302098,24.302098000000004
SSp-n,3019080,3.0190800000000007
SSp-n1,404326,0.4043260000000001
SSp-n2/3,640936,0.6409360000000001
SSp-n4,548128,0.5481280000000001
SSp-n5,567366,0.5673660000000001
SSp-n6a,804808,0.8048080000000001
SSp-n6b,53516,0.05351600000000001
SSp-bfd,6287780,6.2877800000000015
SSp-bfd1,839500,0.8395000000000001
SSp-bfd2/3,1516040,1.5160400000000003
SSp-bfd4,1281604,1.2816040000000002
SSp-bfd5,1208038,1.2080380000000002
SSp-bfd6a,1296044,1.2960440000000002
SSp-bfd6b,146554,0.14655400000000002
SSp-ll,2352126,2.3521260000000006
SSp-ll1,299572,0.29957200000000006
SSp-ll2/3,646572,0.6465720000000001
SSp-ll4,272824,0.27282400000000007
SSp-ll5,555260,0.5552600000000001
SSp-ll6a,528074,0.528074
SSp-ll6b,49824,0.04982400000000001
SSp-m,6209620,6.209620000000001
SSp-m1,780612,0.7806120000000001
SSp-m2/3,1497244,1.4972440000000002
SSp-m4,948750,0.9487500000000002
SSp-m5,1217080,1.2170800000000002
SSp-m6a,1651680,1.6516800000000003
SSp-m6b,114254,0.11425400000000002
SSp-ul,3769462,3.7694620000000008
SSp-ul1,459820,0.45982000000000006
SSp-ul2/3,978956,0.9789560000000002
SSp-ul4,523130,0.5231300000000001
SSp-ul5,792298,0.7922980000000002
SSp-ul6a,942014,0.9420140000000001
SSp-ul6b,73244,0.07324400000000002
SSp-tr,1401698,1.4016980000000003
SSp-tr1,205640,0.20564000000000004
SSp-tr2/3,423734,0.42373400000000006
SSp-tr4,152746,0.15274600000000002
SSp-tr5,353006,0.35300600000000004
SSp-tr6a,232906,0.23290600000000003
SSp-tr6b,33666,0.03366600000000001
SSp-un,1262332,1.2623320000000002
SSp-un1,166240,0.16624000000000003
SSp-un2/3,331476,0.33147600000000005
SSp-un4,187930,0.18793000000000004
SSp-un5,257978,0.25797800000000004
SSp-un6a,294142,0.29414200000000007
SSp-un6b,24566,0.024566000000000004
SSs,9018162,9.018162000000002
SSs1,1238064,1.2380640000000003
SSs2/3,2146234,2.146234
SSs4,1167164,1.167164
SSs5,2185516,2.1855160000000002
SSs6a,2073148,2.073148
SSs6b,208036,0.20803600000000003
GU,1768314,1.7683140000000004
GU1,196246,0.19624600000000003
GU2/3,401948,0.4019480000000001
GU4,146630,0.14663000000000004
GU5,545318,0.5453180000000001
GU6a,438828,0.43882800000000005
GU6b,39344,0.039344000000000004
VISC,2349560,2.3495600000000003
VISC1,335070,0.33507000000000003
VISC2/3,539812,0.5398120000000001
VISC4,181330,0.18133000000000002
VISC5,706434,0.7064340000000001
VISC6a,534756,0.5347560000000001
VISC6b,52158,0.05215800000000001
AUD,5794248,5.794248000000001
AUDd,1214826,1.2148260000000002
AUDd1,196898,0.19689800000000005
AUDd2/3,327356,0.32735600000000004
AUDd4,132508,0.13250800000000001
AUDd5,343066,0.34306600000000004
AUDd6a,184538,0.18453800000000004
AUDd6b,30460,0.030460000000000004
AUDp,2148996,2.1489960000000004
AUDp1,374988,0.37498800000000004
AUDp2/3,472208,0.47220800000000007
AUDp4,234926,0.23492600000000005
AUDp5,713892,0.7138920000000001
AUDp6a,297736,0.29773600000000006
AUDp6b,55246,0.05524600000000001
AUDpo,612204,0.6122040000000001
AUDpo1,112688,0.11268800000000002
AUDpo2/3,146946,0.14694600000000002
AUDpo4,74198,0.07419800000000001
AUDpo5,181350,0.18135000000000004
AUDpo6a,79384,0.07938400000000001
AUDpo6b,17638,0.017638000000000004
AUDv,1818222,1.8182220000000002
AUDv1,285310,0.28531000000000006
AUDv2/3,387476,0.38747600000000004
AUDv4,213616,0.21361600000000003
AUDv5,604668,0.6046680000000001
AUDv6a,281102,0.2811020000000001
AUDv6b,46050,0.04605000000000001
VIS,13468260,13.468260000000003
VISal,758224,0.7582240000000001
VISal1,117892,0.11789200000000002
VISal2/3,199314,0.19931400000000005
VISal4,104152,0.10415200000000002
VISal5,202942,0.20294200000000004
VISal6a,111674,0.11167400000000002
VISal6b,22250,0.022250000000000002
VISam,792558,0.7925580000000001
VISam1,136038,0.13603800000000002
VISam2/3,206952,0.20695200000000002
VISam4,59858,0.05985800000000001
VISam5,227464,0.22746400000000003
VISam6a,138620,0.13862000000000002
VISam6b,23626,0.023626000000000005
VISl,1225624,1.2256240000000003
VISl1,185148,0.18514800000000003
VISl2/3,301588,0.301588
VISl4,179084,0.17908400000000002
VISl5,314522,0.3145220000000001
VISl6a,207042,0.20704200000000003
VISl6b,38240,0.03824
VISp,7074134,7.074134000000001
VISp1,1263430,1.2634300000000003
VISp2/3,1999040,1.9990400000000004
VISp4,1023640,1.02364
VISp5,1552688,1.5526880000000003
VISp6a,1070864,1.0708640000000003
VISp6b,164472,0.16447200000000003
VISpl,794466,0.7944660000000001
VISpl1,193790,0.19379000000000005
VISpl2/3,205150,0.20515000000000003
VISpl4,36638,0.036638000000000004
VISpl5,242812,0.24281200000000003
VISpl6a,107274,0.10727400000000002
VISpl6b,8802,0.008802
VISpm,1048764,1.0487640000000003
VISpm1,190650,0.19065000000000004
VISpm2/3,292206,0.292206
VISpm4,98818,0.09881800000000002
VISpm5,287120,0.28712000000000004
VISpm6a,151974,0.15197400000000003
VISpm6b,27996,0.027996000000000004
VISli,492086,0.4920860000000001
VISli1,74152,0.07415200000000001
VISli2/3,117252,0.11725200000000002
VISli4,57256,0.05725600000000001
VISli5,147946,0.14794600000000002
VISli6a,79344,0.07934400000000001
VISli6b,16136,0.016136
VISpor,1282404,1.2824040000000003
VISpor1,249644,0.24964400000000003
VISpor2/3,373972,0.3739720000000001
VISpor4,60632,0.06063200000000001
VISpor5,385168,0.38516800000000007
VISpor6a,180262,0.18026200000000003
VISpor6b,32726,0.032726000000000005
ACA,5539862,5.539862000000001
ACAd,3131334,3.1313340000000007
ACAd1,605854,0.6058540000000001
ACAd2/3,604314,0.6043140000000001
ACAd5,1197522,1.1975220000000002
ACAd6a,698928,0.6989280000000001
ACAd6b,24716,0.024716000000000005
ACAv,2408528,2.4085280000000004
ACAv1,478240,0.47824000000000005
ACAv2/3,502274,0.5022740000000001
ACAv5,1002560,1.0025600000000001
ACAv6a,363392,0.36339200000000005
ACAv6b,62062,0.06206200000000001
PL,2410398,2.4103980000000003
PL1,523834,0.5238340000000001
PL2/3,420622,0.42062200000000005
PL5,979438,0.9794380000000001
PL6a,465136,0.4651360000000001
PL6b,21368,0.021368000000000005
ILA,844322,0.8443220000000001
ILA1,151252,0.15125200000000003
ILA2/3,140956,0.14095600000000003
ILA5,336210,0.33621000000000006
ILA6a,205076,0.20507600000000004
ILA6b,10828,0.010828000000000003
ORB,5904280,5.904280000000001
ORBl,2728124,2.7281240000000007
ORBl1,375418,0.3754180000000001
ORBl2/3,621188,0.6211880000000001
ORBl5,1206904,1.2069040000000002
ORBl6a,480880,0.4808800000000001
ORBl6b,43734,0.04373400000000001
ORBm,1399370,1.3993700000000002
ORBm1,420842,0.42084200000000005
ORBm2/3,316968,0.316968
ORBm5,471140,0.47114000000000006
ORBm6a,186712,0.18671200000000004
ORBm6b,3708,0.003708000000000001
ORBvl,1776786,1.7767860000000002
ORBvl1,385114,0.38511400000000007
ORBvl2/3,523316,0.5233160000000001
ORBvl5,619944,0.619944
ORBvl6a,238782,0.23878200000000005
ORBvl6b,9630,0.009630000000000001
AI,7894106,7.894106000000002
AId,3724650,3.7246500000000005
AId1,459546,0.45954600000000007
AId2/3,925512,0.9255120000000001
AId5,1509586,1.5095860000000003
AId6a,781724,0.7817240000000001
AId6b,48282,0.048282000000000005
AIp,2434626,2.4346260000000006
AIp1,422038,0.4220380000000001
AIp2/3,803644,0.8036440000000001
AIp5,752576,0.7525760000000001
AIp6a,435738,0.43573800000000007
AIp6b,20630,0.020630000000000003
AIv,1734830,1.7348300000000003
AIv1,248482,0.24848200000000004
AIv2/3,594928,0.5949280000000001
AIv5,720432,0.7204320000000001
AIv6a,167928,0.16792800000000002
AIv6b,3060,0.0030600000000000007
RSP,10503636,10.503636000000002
RSPagl,2357084,2.3570840000000004
RSPagl1,507296,0.5072960000000001
RSPagl2/3,669946,0.6699460000000002
RSPagl5,733242,0.7332420000000002
RSPagl6a,412238,0.41223800000000005
RSPagl6b,34362,0.034362000000000004
RSPd,3799386,3.7993860000000006
RSPd1,833240,0.8332400000000001
RSPd2/3,972450,0.9724500000000001
RSPd4,2,2.0000000000000003e-06
RSPd5,1205990,1.2059900000000001
RSPd6a,756694,0.7566940000000001
RSPd6b,31010,0.031010000000000006
RSPv,4347166,4.3471660000000005
RSPv1,947416,0.9474160000000001
RSPv2/3,1012970,1.0129700000000001
RSPv5,1678750,1.6787500000000002
RSPv6a,659730,0.6597300000000001
RSPv6b,48300,0.04830000000000001
PTLp,2456828,2.4568280000000002
VISa,1439164,1.4391640000000003
VISa1,239674,0.23967400000000005
VISa2/3,426718,0.4267180000000001
VISa4,154800,0.15480000000000002
VISa5,355238,0.35523800000000005
VISa6a,223374,0.22337400000000004
VISa6b,39360,0.039360000000000006
VISrl,1017664,1.0176640000000001
VISrl1,170740,0.17074000000000003
VISrl2/3,276390,0.27639
VISrl4,146294,0.14629400000000004
VISrl5,244294,0.24429400000000004
VISrl6a,151428,0.15142800000000003
VISrl6b,28518,0.028518000000000005
TEa,3102282,3.1022820000000007
TEa1,525406,0.525406
TEa2/3,701596,0.7015960000000001
TEa4,312818,0.31281800000000004
TEa5,949232,0.9492320000000002
TEa6a,523472,0.523472
TEa6b,89758,0.08975800000000002
PERI,789792,0.7897920000000002
PERI1,221266,0.22126600000000005
PERI2/3,333110,0.3331100000000001
PERI5,168374,0.16837400000000002
PERI6a,53894,0.05389400000000001
PERI6b,13148,0.013148000000000002
ECT,1712238,1.7122380000000004
ECT1,258520,0.25852
ECT2/3,476150,0.4761500000000001
ECT5,529802,0.5298020000000001
ECT6a,388414,0.38841400000000004
ECT6b,59352,0.05935200000000001
OLF,46701932,46.701932000000006
MOB,16464300,16.4643
AOB,652032,0.6520320000000001
AOBgl,154454,0.15445400000000004
AOBgr,220288,0.22028800000000004
AOBmi,277290,0.27729000000000004
AON,4870684,4.870684000000001
TT,1440998,1.4409980000000002
TTd,723370,0.7233700000000001
TTv,717628,0.7176280000000002
DP,504720,0.5047200000000001
PIR,11566814,11.566814000000003
NLOT,319480,0.31948000000000004
NLOT1,111502,0.11150200000000002
NLOT2,149582,0.14958200000000002
NLOT3,58396,0.05839600000000001
COA,3265152,3.2651520000000005
COAa,767476,0.7674760000000002
COAp,2497676,2.4976760000000002
COApl,1202336,1.2023360000000003
COApm,1295340,1.2953400000000002
PAA,1191612,1.1916120000000001
TR,1404722,1.4047220000000002
HPF,42641090,42.641090000000005
HIP,23715574,23.715574000000004
CA,16931028,16.931028
CA1,10191672,10.191672000000002
CA2,475930,0.4759300000000001
CA3,6263426,6.263426000000001
DG,6597176,6.597176000000001
DG-mo,4306642,4.306642000000001
DG-po,685994,0.6859940000000001
DG-sg,1604540,1.6045400000000003
FC,61680,0.06168000000000001
IG,125690,0.12569000000000002
RHP,18504594,18.504594000000004
ENT,11396888,11.396888000000002
ENTl,6378088,6.378088000000001
ENTl1,979142,0.9791420000000002
ENTl2,1604416,1.6044160000000003
ENTl3,1317080,1.3170800000000003
ENTl5,1428774,1.4287740000000002
ENTl6a,1048676,1.0486760000000002
ENTm,5018800,5.018800000000001
ENTm1,1246100,1.2461000000000002
ENTm2,1255434,1.2554340000000002
ENTm3,983148,0.9831480000000001
ENTm5,911528,0.9115280000000001
ENTm6,622590,0.6225900000000001
PAR,932876,0.9328760000000001
POST,1084318,1.0843180000000001
PRE,916690,0.9166900000000001
SUB,2097794,2.0977940000000004
ProS,1328060,1.3280600000000002
HATA,421334,0.4213340000000001
APr,326634,0.32663400000000004
CTXsp,8907902,8.907902000000002
CLA,550738,0.5507380000000001
EP,2792504,2.7925040000000005
EPd,1819782,1.8197820000000002
EPv,972722,0.9727220000000002
LA,840288,0.8402880000000001
BLA,1900282,1.9002820000000002
BLAa,769610,0.7696100000000001
BLAp,711236,0.7112360000000001
BLAv,419436,0.4194360000000001
BMA,1485188,1.4851880000000002
BMAa,767422,0.7674220000000002
BMAp,717766,0.7177660000000001
PA,966658,0.9666580000000001
CNU,54326608,54.32660800000001
STR,44961798,44.96179800000001
STRd,26018770,26.018770000000004
CP,26018770,26.018770000000004
STRv,8653520,8.653520000000002
ACB,4401366,4.401366
FS,428468,0.42846800000000007
OT,3823686,3.823686000000001
LSX,3564062,3.5640620000000007
LS,3052752,3.0527520000000004
LSc,563602,0.563602
LSr,1881914,1.8819140000000003
LSv,607236,0.6072360000000001
SF,474314,0.47431400000000007
SH,36996,0.03699600000000001
sAMY,4047624,4.047624000000001
AAA,494370,0.4943700000000001
BA,24958,0.024958000000000004
CEA,1317000,1.3170000000000002
CEAc,309320,0.30932000000000004
CEAl,259674,0.259674
CEAm,748006,0.7480060000000002
IA,182714,0.18271400000000004
MEA,2028582,2.0285820000000006
PAL,9364810,9.364810000000002
PALd,1988394,1.9883940000000004
GPe,1564816,1.5648160000000002
GPi,423578,0.42357800000000007
PALv,3391388,3.3913880000000005
SI,3027112,3.0271120000000007
MA,364276,0.36427600000000004
PALm,1510950,1.5109500000000002
MSC,1155100,1.1551000000000002
MS,415168,0.4151680000000001
NDB,739932,0.7399320000000001
TRS,355850,0.35585000000000006
PALc,1348458,1.3484580000000002
BST,1340702,1.3407020000000003
BAC,7756,0.007756000000000002
BS,119891782,119.89178200000002
IB,35476954,35.476954000000006
TH,20274752,20.274752000000003
DORsm,6680726,6.680726000000001
VENT,4859792,4.8597920000000006
VAL,817044,0.8170440000000001
VM,928730,0.9287300000000002
VP,2834416,2.8344160000000005
VPL,875674,0.8756740000000002
VPLpc,98824,0.09882400000000002
VPM,1644660,1.6446600000000002
VPMpc,215258,0.21525800000000003
PoT,279602,0.2796020000000001
SPF,204992,0.20499200000000004
SPFm,70074,0.07007400000000001
SPFp,134918,0.134918
SPA,132628,0.13262800000000002
PP,61144,0.06114400000000001
GENd,1422170,1.4221700000000002
MG,699844,0.6998440000000001
MGd,173090,0.17309000000000002
MGv,276444,0.276444
MGm,250310,0.25031000000000003
LGd,722326,0.7223260000000001
LGd-sh,207304,0.20730400000000004
LGd-co,419172,0.41917200000000004
LGd-ip,95850,0.09585000000000002
DORpm,12674246,12.674246000000002
LAT,3075398,3.0753980000000003
LP,1200686,1.2006860000000001
PO,1252618,1.2526180000000002
POL,205490,0.20549000000000003
SGN,180892,0.18089200000000002
Eth,235712,0.23571200000000003
ATN,2158754,2.1587540000000005
AV,415604,0.4156040000000001
AM,410622,0.41062200000000004
AMd,244270,0.24427000000000004
AMv,166352,0.16635200000000003
AD,161114,0.16111400000000003
IAM,43372,0.04337200000000001
IAD,111558,0.11155800000000002
LD,1016484,1.0164840000000002
MED,2017460,2.0174600000000003
IMD,176410,0.17641000000000004
MD,1383390,1.3833900000000001
SMT,306336,0.30633600000000005
PR,151324,0.15132400000000001
MTN,1186056,1.1860560000000002
PVT,444484,0.4444840000000001
PT,229952,0.22995200000000005
RE,423954,0.42395400000000005
Xi,87666,0.08766600000000001
ILM,1600950,1.6009500000000003
RH,90694,0.09069400000000001
CM,249570,0.24957000000000004
PCN,238112,0.23811200000000005
CL,360936,0.36093600000000003
PF,485994,0.4859940000000001
PIL,175644,0.17564400000000002
RT,1447360,1.4473600000000002
GENv,523522,0.523522
IGL,68420,0.06842000000000001
IntG,22500,0.022500000000000003
LGv,405742,0.40574200000000005
SubG,26860,0.026860000000000005
EPI,664746,0.6647460000000001
MH,320028,0.32002800000000003
LH,344718,0.3447180000000001
HY,15202202,15.202202000000003
PVZ,782664,0.7826640000000001
SO,46946,0.04694600000000001
ASO,6214,0.006214000000000001
PVH,188750,0.18875000000000003
PVa,50782,0.05078200000000001
PVi,205036,0.20503600000000002
ARH,284936,0.284936
PVR,2045774,2.045774
ADP,99530,0.09953000000000002
AVP,92556,0.09255600000000001
AVPV,181184,0.18118400000000004
DMH,376062,0.37606200000000006
MEPO,40260,0.040260000000000004
MPO,555530,0.5555300000000001
OV,8664,0.008664000000000002
PD,11666,0.011666000000000003
PS,96670,0.09667000000000002
PVp,124558,0.12455800000000002
PVpo,147648,0.14764800000000003
SBPV,109400,0.10940000000000003
SCH,65776,0.06577600000000002
SFO,20716,0.020716000000000002
VMPO,50128,0.050128000000000006
VLPO,65426,0.06542600000000001
MEZ,3847266,3.8472660000000007
AHN,710594,0.7105940000000002
MBO,1015810,1.01581
LM,77444,0.07744400000000001
MM,540136,0.5401360000000001
MMme,76958,0.07695800000000001
MMl,212658,0.21265800000000004
MMm,135784,0.13578400000000002
MMp,37878,0.03787800000000001
MMd,76858,0.07685800000000001
SUM,254722,0.25472200000000006
TM,143508,0.14350800000000002
TMd,35706,0.03570600000000001
TMv,107802,0.10780200000000002
MPN,406420,0.40642000000000006
PMd,132210,0.13221000000000002
PMv,195022,0.19502200000000003
PVHd,130642,0.130642
VMH,549454,0.5494540000000001
PH,707114,0.7071140000000001
LZ,5685588,5.685588000000001
LHA,2064508,2.0645080000000005
LPO,559976,0.5599760000000001
PST,12456,0.012456000000000002
PSTN,166506,0.16650600000000002
PeF,214254,0.21425400000000003
RCH,150330,0.15033000000000002
STN,194600,0.19460000000000002
TU,523216,0.5232160000000001
ZI,1799742,1.7997420000000004
FF,240814,0.24081400000000003
ME,81550,0.08155000000000001
MB,36740486,36.740486000000004
MBsen,6856862,6.856862000000001
SCs,2156454,2.1564540000000005
SCop,642388,0.6423880000000001
SCsg,1152824,1.1528240000000003
SCzo,361242,0.36124200000000006
IC,4445566,4.445566
ICc,1126574,1.1265740000000002
ICd,1323802,1.3238020000000001
ICe,1995190,1.9951900000000002
NB,87926,0.08792600000000002
SAG,98190,0.09819000000000001
PBG,44764,0.044764000000000005
MEV,9484,0.009484000000000001
SCO,14478,0.014478000000000003
MBmot,21297964,21.297964000000004
SNr,1549976,1.5499760000000002
VTA,428618,0.42861800000000005
PN,21736,0.021736000000000005
RR,137776,0.137776
MRN,5143256,5.143256000000001
SCm,5652434,5.652434000000001
SCdg,1194828,1.1948280000000002
SCdw,330292,0.33029200000000003
SCiw,2089810,2.0898100000000004
SCig,2037504,2.037504
PAG,4693792,4.693792000000001
PRC,170706,0.17070600000000002
INC,79728,0.07972800000000001
ND,92372,0.09237200000000001
Su3,42112,0.042112000000000004
PRT,2080124,2.0801240000000005
APN,1276024,1.2760240000000003
MPT,43788,0.04378800000000001
NOT,205480,0.20548000000000002
NPC,289708,0.289708
OP,58126,0.05812600000000001
PPT,144830,0.14483000000000001
RPF,62168,0.06216800000000001
CUN,551428,0.5514280000000001
RN,787766,0.7877660000000001
III,32532,0.032532000000000005
MA3,16356,0.016356000000000002
EW,25458,0.025458000000000005
IV,7258,0.007258000000000001
Pa4,16166,0.016166000000000003
VTN,37530,0.03753000000000001
AT,43064,0.043064000000000005
LT,17884,0.017884000000000004
DT,11452,0.011452000000000002
MT,43358,0.04335800000000001
MBsta,1822778,1.8227780000000002
SNc,196792,0.19679200000000002
PPN,892486,0.8924860000000001
RAmb,733500,0.7335000000000002
IF,86796,0.08679600000000001
IPN,354972,0.35497200000000007
IPR,80340,0.08034000000000001
IPC,68470,0.06847000000000002
IPA,25108,0.025108000000000005
IPL,62012,0.06201200000000001
IPI,31928,0.031928000000000005
IPDM,19070,0.019070000000000004
IPDL,37920,0.03792000000000001
IPRL,19074,0.019074000000000004
RL,55664,0.05566400000000001
CLI,83176,0.08317600000000001
DR,152892,0.15289200000000003
HB,47674342,47.67434200000001
P,16709052,16.709052000000003
P-sen,3850166,3.8501660000000006
NLL,723784,0.7237840000000001
PSV,1106076,1.1060760000000003
PB,1121664,1.1216640000000002
KF,175206,0.17520600000000003
SOC,898642,0.8986420000000002
POR,365934,0.36593400000000004
SOCm,195214,0.19521400000000003
SOCl,337494,0.33749400000000007
P-mot,5794764,5.794764000000001
B,15566,0.015566000000000003
DTN,103734,0.10373400000000002
PDTg,48028,0.04802800000000001
PCG,541422,0.5414220000000001
PG,965046,0.9650460000000002
PRNc,2349048,2.3490480000000002
SG,17360,0.017360000000000004
SUT,259600,0.25960000000000005
TRN,689664,0.6896640000000002
V,354758,0.3547580000000001
P5,321414,0.32141400000000003
Acs5,13912,0.013912000000000002
PC5,70708,0.07070800000000001
I5,44504,0.04450400000000001
P-sat,3462014,3.4620140000000004
CS,601652,0.6016520000000001
LC,14486,0.014486000000000002
LDT,203476,0.20347600000000005
NI,108230,0.10823000000000002
PRNr,2363054,2.3630540000000004
RPO,97170,0.09717000000000002
SLC,26734,0.026734000000000004
SLD,47212,0.04721200000000001
MY,30965290,30.965290000000007
MY-sen,7933114,7.9331140000000016
AP,52784,0.05278400000000001
CN,1629282,1.6292820000000003
DCO,612196,0.6121960000000001
VCO,1017086,1.0170860000000002
DCN,414748,0.41474800000000006
CU,333124,0.33312400000000003
GR,81624,0.08162400000000002
ECU,204724,0.20472400000000004
NTB,154456,0.15445600000000004
NTS,848828,0.8488280000000001
SPVC,1680902,1.6809020000000003
SPVI,1848386,1.8483860000000003
SPVO,996370,0.9963700000000002
Pa5,102634,0.10263400000000002
MY-mot,17489144,17.489144000000003
VI,30332,0.030332000000000005
VII,916898,0.9168980000000001
ACVII,5628,0.005628000000000001
AMB,43088,0.04308800000000001
AMBd,21208,0.021208000000000005
AMBv,21880,0.021880000000000004
DMX,174194,0.17419400000000002
GRN,2623754,2.6237540000000004
ICB,53468,0.05346800000000001
IO,511758,0.511758
IRN,2777478,2.7774780000000003
ISN,7224,0.007224000000000001
LIN,61296,0.06129600000000001
LRN,569734,0.5697340000000001
LRNm,512858,0.512858
LRNp,56876,0.05687600000000001
MARN,533332,0.5333320000000001
MDRN,2036294,2.0362940000000003
MDRNd,1105164,1.1051640000000003
MDRNv,931130,0.9311300000000001
PARN,2230614,2.2306140000000005
PAS,27908,0.027908000000000006
PGRN,947002,0.9470020000000001
PGRNd,239308,0.23930800000000005
PGRNl,707694,0.7076940000000002
PHY,274030,0.27403000000000005
NR,29992,0.029992000000000005
PRP,244038,0.24403800000000003
PPY,94476,0.09447600000000002
VNC,3207466,3.2074660000000006
LAV,287566,0.28756600000000004
MV,1817140,1.8171400000000002
SPIV,749066,0.7490660000000001
SUV,353694,0.35369400000000006
x,57052,0.05705200000000001
XII,282642,0.28264200000000006
y,23476,0.023476000000000004
MY-sat,223536,0.22353600000000004
RM,116932,0.11693200000000002
RPA,66614,0.066614
RO,39990,0.039990000000000005
CB,53842390,53.84239000000001
CBX,51231088,51.23108800000001
VERM,20273620,20.273620000000005
LING,121628,0.12162800000000001
CENT,4079420,4.079420000000001
CENT2,1335660,1.3356600000000003
CENT3,2743760,2.7437600000000004
CUL,6725776,6.7257760000000015
"CUL4, 5",6725776,6.7257760000000015
DEC,3334748,3.3347480000000007
FOTU,1053398,1.0533980000000003
PYR,1248018,1.2480180000000003
UVU,2191534,2.1915340000000003
NOD,1519098,1.5190980000000003
HEM,30957468,30.957468000000006
SIM,5696048,5.696048000000001
AN,10805632,10.805632000000001
ANcr1,5693780,5.693780000000001
ANcr2,5111852,5.111852000000001
PRM,4883222,4.883222000000001
COPY,2506160,2.5061600000000004
PFL,5729140,5.729140000000001
FL,1337266,1.3372660000000003
CBN,1782040,1.7820400000000003
FN,502036,0.502036
IP,859874,0.8598740000000001
DN,334984,0.33498400000000006
VeCB,85146,0.08514600000000001
fiber tracts,46921388,46.92138800000001
cm,12354320,12.354320000000001
von,13428,0.013428000000000002
In,5973186,5.973186000000001
onl,4151108,4.151108000000001
lotg,1061954,1.0619540000000003
lot,904226,0.9042260000000002
lotd,157728,0.15772800000000003
aco,760124,0.7601240000000001
IIn,1307340,1.3073400000000002
bsc,200776,0.20077600000000004
csc,27886,0.027886000000000005
och,311072,0.31107200000000007
opt,697328,0.6973280000000002
IIIn,209382,0.20938200000000004
mlf,149098,0.14909800000000004
pc,52460,0.05246000000000001
IVn,6804,0.006804000000000001
Vn,2377594,2.377594
moV,59550,0.05955000000000001
sV,2318044,2.3180440000000004
sptV,1621766,1.6217660000000003
VIIn,108062,0.10806200000000002
gVIIn,29028,0.029028000000000005
VIIIn,1661226,1.6612260000000003
vVIIIn,250156,0.25015600000000004
cVIIIn,1411070,1.4110700000000003
tb,299444,0.29944400000000004
das,11846,0.011846000000000002
ll,835128,0.8351280000000001
cic,18154,0.018154000000000003
bic,246498,0.24649800000000005
Xn,9312,0.009312
ts,9312,0.009312
drt,687986,0.6879860000000001
cett,687986,0.6879860000000001
dc,22312,0.022312000000000005
cuf,22312,0.022312000000000005
ml,665674,0.6656740000000001
cbf,9806446,9.806446000000001
cbc,66936,0.06693600000000001
cbp,2819152,2.8191520000000003
scp,856372,0.8563720000000001
dscp,46320,0.04632000000000001
uf,85068,0.08506800000000002
sctv,284174,0.28417400000000004
mcp,1094082,1.0940820000000002
icp,868698,0.8686980000000002
sctd,146176,0.14617600000000003
arb,6920358,6.920358000000001
scwm,1073168,1.0731680000000001
lfbs,13864520,13.864520000000002
cc,7800396,7.800396000000001
fa,1726300,1.7263000000000004
ec,869484,0.8694840000000001
ee,93338,0.09333800000000002
ccg,829366,0.8293660000000002
fp,1365388,1.3653880000000003
ccb,3041046,3.0410460000000006
ccs,744958,0.7449580000000001
cst,3695302,3.6953020000000008
int,2097282,2.0972820000000003
cpd,885724,0.8857240000000002
py,560730,0.5607300000000001
pyd,67350,0.06735000000000001
lfbst,2368822,2.368822
em,110634,0.11063400000000002
or,1850764,1.8507640000000003
ar,407424,0.40742400000000006
eps,1228724,1.2287240000000001
epsc,112364,0.11236400000000002
nst,112364,0.11236400000000002
tsp,510510,0.5105100000000001
tspd,4,4.000000000000001e-06
dtd,6930,0.006930000000000001
tspc,503576,0.5035760000000001
rust,605850,0.6058500000000001
vtd,37360,0.037360000000000004
mfbs,7043616,7.043616000000001
mfbc,6222734,6.222734000000001
amc,163494,0.16349400000000003
act,212056,0.21205600000000002
cing,1265744,1.2657440000000002
fxs,4240376,4.240376
alv,1392646,1.3926460000000003
df,37530,0.03753000000000001
fi,1513754,1.5137540000000003
fxpo,277948,0.27794800000000003
mct,8330,0.00833
fx,269618,0.269618
hc,1018498,1.0184980000000001
dhc,953794,0.9537940000000001
vhc,64704,0.06470400000000001
st,341064,0.34106400000000003
stc,35128,0.035128000000000006
mfsbshy,820882,0.8208820000000001
mfb,49344,0.049344000000000006
sup,25028,0.025028000000000005
mfbsma,260398,0.260398
pm,33298,0.03329800000000001
mtt,129556,0.12955600000000003
mtg,65802,0.06580200000000001
mp,31742,0.031742000000000006
mfbse,486112,0.4861120000000001
sm,270700,0.27070000000000005
fr,167622,0.16762200000000002
hbc,47790,0.047790000000000006
VS,5959382,5.959382000000001
VL,3701260,3.7012600000000004
SEZ,136484,0.13648400000000002
chpl,1446034,1.4460340000000003
V3,891188,0.8911880000000002
AQ,405256,0.40525600000000006
V4,961246,0.9612460000000002
V4r,461680,0.4616800000000001
c,432,0.0004320000000000001
