acronym,volume_mm,volume_um
root,506.05289062500015,32387385
grey,449.6008593750001,28774455
CH,275.87673437500007,17656111
CTX,221.54964062500005,14179177
CTXpl,212.64379687500005,13609203
Isocortex,123.29773437500003,7891055
FRP,0.9722968750000003,62227
FRP1,0.2534218750000001,16219
FRP2/3,0.23403125000000005,14978
FRP5,0.3715468750000001,23779
FRP6a,0.11225000000000003,7184
FRP6b,0.0010468750000000003,67
MO,24.457437500000005,1565276
MOp,11.353093750000003,726598
MOp1,1.3299375000000002,85116
MOp2/3,3.689078125000001,236101
MOp5,3.272765625000001,209457
MOp6a,2.8761250000000005,184072
MOp6b,0.18518750000000003,11852
MOs,13.104343750000004,838678
MOs1,2.3241718750000007,148747
MOs2/3,3.804500000000001,243488
MOs5,4.522796875000001,289459
MOs6a,2.3780937500000006,152198
MOs6b,0.07478125000000002,4786
SS,33.33218750000001,2133260
SSp,24.308937500000006,1555772
SSp-n,3.0192656250000005,193233
SSp-n1,0.4053281250000001,25941
SSp-n2/3,0.6403437500000001,40982
SSp-n4,0.5480625000000001,35076
SSp-n5,0.5670312500000001,36290
SSp-n6a,0.8048750000000002,51512
SSp-n6b,0.05362500000000001,3432
SSp-bfd,6.290250000000001,402576
SSp-bfd1,0.8388437500000002,53686
SSp-bfd2/3,1.5163125000000004,97044
SSp-bfd4,1.2826406250000002,82089
SSp-bfd5,1.2081718750000003,77323
SSp-bfd6a,1.2975781250000002,83045
SSp-bfd6b,0.14670312500000005,9389
SSp-ll,2.3525781250000004,150565
SSp-ll1,0.29923437500000005,19151
SSp-ll2/3,0.6465937500000002,41382
SSp-ll4,0.27303125000000006,17474
SSp-ll5,0.5556875000000001,35564
SSp-ll6a,0.5276718750000001,33771
SSp-ll6b,0.05035937500000001,3223
SSp-m,6.2128281250000015,397621
SSp-m1,0.7826562500000002,50090
SSp-m2/3,1.4987656250000003,95921
SSp-m4,0.9471093750000003,60615
SSp-m5,1.2179687500000003,77950
SSp-m6a,1.6516562500000005,105706
SSp-m6b,0.11467187500000002,7339
SSp-ul,3.770875000000001,241336
SSp-ul1,0.46190625000000013,29562
SSp-ul2/3,0.9785312500000002,62626
SSp-ul4,0.5232812500000001,33490
SSp-ul5,0.7918125000000001,50676
SSp-ul6a,0.9410781250000002,60229
SSp-ul6b,0.07426562500000002,4753
SSp-tr,1.4007343750000003,89647
SSp-tr1,0.20439062500000005,13081
SSp-tr2/3,0.4237656250000001,27121
SSp-tr4,0.15259375000000003,9766
SSp-tr5,0.3532343750000001,22607
SSp-tr6a,0.23245312500000007,14877
SSp-tr6b,0.03429687500000001,2195
SSp-un,1.2624062500000004,80794
SSp-un1,0.16617187500000005,10635
SSp-un2/3,0.3313281250000001,21205
SSp-un4,0.18796875000000005,12030
SSp-un5,0.25793750000000004,16508
SSp-un6a,0.29437500000000005,18840
SSp-un6b,0.024625000000000005,1576
SSs,9.023250000000003,577488
SSs1,1.2474531250000003,79837
SSs2/3,2.1448281250000005,137269
SSs4,1.1658437500000003,74614
SSs5,2.1855156250000007,139873
SSs6a,2.0740468750000005,132739
SSs6b,0.20556250000000004,13156
GU,1.7686875000000004,113196
GU1,0.19668750000000004,12588
GU2/3,0.4021093750000001,25735
GU4,0.14729687500000002,9427
GU5,0.5446875000000001,34860
GU6a,0.4385625000000001,28068
GU6b,0.03934375000000001,2518
VISC,2.3534218750000004,150619
VISC1,0.33848437500000006,21663
VISC2/3,0.5399375000000002,34556
VISC4,0.18245312500000005,11677
VISC5,0.7061875000000002,45196
VISC6a,0.5362031250000001,34317
VISC6b,0.05015625000000001,3210
AUD,5.800859375000002,371255
AUDd,1.2143437500000003,77718
AUDd1,0.19684375000000004,12598
AUDd2/3,0.32745312500000007,20957
AUDd4,0.13248437500000004,8479
AUDd5,0.3428750000000001,21944
AUDd6a,0.18440625000000005,11802
AUDd6b,0.030281250000000006,1938
AUDp,2.1518125000000006,137716
AUDp1,0.3785312500000001,24226
AUDp2/3,0.4713437500000001,30166
AUDp4,0.23473437500000005,15023
AUDp5,0.7145312500000002,45730
AUDp6a,0.29823437500000005,19087
AUDp6b,0.054437500000000014,3484
AUDpo,0.6119375000000001,39164
AUDpo1,0.11282812500000003,7221
AUDpo2/3,0.14651562500000004,9377
AUDpo4,0.07450000000000002,4768
AUDpo5,0.18139062500000006,11609
AUDpo6a,0.07889062500000002,5049
AUDpo6b,0.017812500000000005,1140
AUDv,1.8227656250000004,116657
AUDv1,0.2901718750000001,18571
AUDv2/3,0.3862812500000001,24722
AUDv4,0.21395312500000005,13693
AUDv5,0.6042343750000001,38671
AUDv6a,0.28287500000000004,18104
AUDv6b,0.04525000000000001,2896
VIS,13.459109375000002,861383
VISal,0.7567968750000001,48435
VISal1,0.11721875000000002,7502
VISal2/3,0.19865625000000003,12714
VISal4,0.10373437500000003,6639
VISal5,0.20329687500000004,13011
VISal6a,0.11167187500000003,7147
VISal6b,0.022218750000000006,1422
VISam,0.7906406250000002,50601
VISam1,0.13440625000000003,8602
VISam2/3,0.20782812500000006,13301
VISam4,0.060296875000000014,3859
VISam5,0.22721875000000005,14542
VISam6a,0.13596875000000003,8702
VISam6b,0.024921875000000007,1595
VISl,1.2259218750000003,78459
VISl1,0.18521875000000004,11854
VISl2/3,0.3015312500000001,19298
VISl4,0.17925000000000005,11472
VISl5,0.3142187500000001,20110
VISl6a,0.20718750000000005,13260
VISl6b,0.03851562500000001,2465
VISp,7.072875000000002,452664
VISp1,1.2616718750000002,80747
VISp2/3,1.9997343750000005,127983
VISp4,1.0243750000000003,65560
VISp5,1.5522343750000003,99343
VISp6a,1.0685468750000002,68387
VISp6b,0.16631250000000003,10644
VISpl,0.7928906250000002,50745
VISpl1,0.18929687500000006,12115
VISpl2/3,0.20845312500000004,13341
VISpl4,0.03606250000000001,2308
VISpl5,0.24312500000000006,15560
VISpl6a,0.10734375000000003,6870
VISpl6b,0.008609375000000002,551
VISpm,1.0446718750000001,66859
VISpm1,0.18826562500000005,12049
VISpm2/3,0.29328125000000005,18770
VISpm4,0.09857812500000003,6309
VISpm5,0.2855468750000001,18275
VISpm6a,0.15096875000000004,9662
VISpm6b,0.028031250000000008,1794
VISli,0.49257812500000014,31525
VISli1,0.07465625000000002,4778
VISli2/3,0.11715625000000003,7498
VISli4,0.057078125000000014,3653
VISli5,0.14826562500000004,9489
VISli6a,0.07937500000000001,5080
VISli6b,0.016046875000000002,1027
VISpor,1.2827343750000002,82095
VISpor1,0.25040625000000005,16026
VISpor2/3,0.3738593750000001,23927
VISpor4,0.06050000000000001,3872
VISpor5,0.3849843750000001,24639
VISpor6a,0.18032812500000003,11541
VISpor6b,0.032656250000000005,2090
ACA,5.539828125000001,354549
ACAd,3.1297812500000006,200306
ACAd1,0.5958281250000002,38133
ACAd2/3,0.6109062500000001,39098
ACAd5,1.1982343750000002,76687
ACAd6a,0.7000625000000001,44804
ACAd6b,0.024750000000000005,1584
ACAv,2.4100468750000004,154243
ACAv1,0.4733906250000001,30297
ACAv2/3,0.5093906250000001,32601
ACAv5,1.0023906250000003,64153
ACAv6a,0.3629062500000001,23226
ACAv6b,0.06196875000000002,3966
PL,2.4082343750000006,154127
PL1,0.5193750000000001,33240
PL2/3,0.4189218750000001,26811
PL5,0.9850312500000002,63042
PL6a,0.4634843750000001,29663
PL6b,0.021421875000000003,1371
ILA,0.8431718750000002,53963
ILA1,0.15014062500000003,9609
ILA2/3,0.14307812500000003,9157
ILA5,0.3342812500000001,21394
ILA6a,0.20490625000000004,13114
ILA6b,0.010765625000000003,689
ORB,5.901875000000001,377720
ORBl,2.7270468750000005,174531
ORBl1,0.3751093750000001,24007
ORBl2/3,0.6213906250000002,39769
ORBl5,1.2076093750000003,77287
ORBl6a,0.47753125000000013,30562
ORBl6b,0.04540625000000001,2906
ORBm,1.3979062500000003,89466
ORBm1,0.4211718750000001,26955
ORBm2/3,0.3148906250000001,20153
ORBm5,0.4716250000000001,30184
ORBm6a,0.18642187500000004,11931
ORBm6b,0.0037968750000000008,243
ORBvl,1.7769218750000004,113723
ORBvl1,0.3858281250000001,24693
ORBvl2/3,0.5234687500000001,33502
ORBvl5,0.6193593750000002,39639
ORBvl6a,0.23815625000000007,15242
ORBvl6b,0.010109375000000002,647
AI,7.897421875000002,505435
AId,3.7263437500000007,238486
AId1,0.4605156250000001,29473
AId2/3,0.9256875000000002,59244
AId5,1.5098750000000003,96632
AId6a,0.7812812500000001,50002
AId6b,0.04898437500000001,3135
AIp,2.4351406250000007,155849
AIp1,0.4228125000000001,27060
AIp2/3,0.8031406250000002,51401
AIp5,0.7525781250000002,48165
AIp6a,0.4359375000000001,27900
AIp6b,0.020671875000000006,1323
AIv,1.7359375000000004,111100
AIv1,0.2505625000000001,16036
AIv2/3,0.5942812500000001,38034
AIv5,0.7203593750000001,46103
AIv6a,0.16770312500000004,10733
AIv6b,0.0030312500000000005,194
RSP,10.500984375000003,672063
RSPagl,2.3553593750000004,150743
RSPagl1,0.5061250000000002,32392
RSPagl2/3,0.6696406250000002,42857
RSPagl5,0.7327500000000001,46896
RSPagl6a,0.4107343750000001,26287
RSPagl6b,0.036109375000000006,2311
RSPd,3.795750000000001,242928
RSPd1,0.8276406250000002,52969
RSPd2/3,0.9739062500000002,62330
RSPd4,0.0,0
RSPd5,1.2052656250000002,77137
RSPd6a,0.7569531250000002,48445
RSPd6b,0.03198437500000001,2047
RSPv,4.349875000000001,278392
RSPv1,0.9463750000000002,60568
RSPv2/3,1.0190312500000003,65218
RSPv5,1.6767187500000005,107310
RSPv6a,0.6589843750000002,42175
RSPv6b,0.048765625000000014,3121
PTLp,2.4540000000000006,157056
VISa,1.4379843750000003,92031
VISa1,0.23881250000000007,15284
VISa2/3,0.4263593750000001,27287
VISa4,0.15520312500000003,9933
VISa5,0.35489062500000007,22713
VISa6a,0.22290625000000006,14266
VISa6b,0.03981250000000001,2548
VISrl,1.0160156250000003,65025
VISrl1,0.16965625000000004,10858
VISrl2/3,0.27575000000000005,17648
VISrl4,0.14645312500000005,9373
VISrl5,0.24410937500000005,15623
VISrl6a,0.15137500000000004,9688
VISrl6b,0.028671875000000006,1835
TEa,3.1062656250000007,198801
TEa1,0.5313437500000001,34006
TEa2/3,0.6999218750000001,44795
TEa4,0.3121250000000001,19976
TEa5,0.9512187500000002,60878
TEa6a,0.5248437500000002,33590
TEa6b,0.08681250000000001,5556
PERI,0.7900781250000002,50565
PERI1,0.22225000000000006,14224
PERI2/3,0.3328906250000001,21305
PERI5,0.16806250000000003,10756
PERI6a,0.05370312500000001,3437
PERI6b,0.013171875000000003,843
ECT,1.7118750000000005,109560
ECT1,0.26070312500000004,16685
ECT2/3,0.4757031250000001,30445
ECT5,0.5290937500000001,33862
ECT6a,0.3900312500000001,24962
ECT6b,0.05634375000000001,3606
OLF,46.69910937500001,2988743
MOB,16.463250000000002,1053648
AOB,0.6515312500000001,41698
AOBgl,0.15446875000000004,9886
AOBgr,0.22042187500000004,14107
AOBmi,0.2766406250000001,17705
AON,4.869703125000001,311661
TT,1.4442343750000004,92431
TTd,0.7246093750000002,46375
TTv,0.7196250000000002,46056
DP,0.5018125000000001,32116
PIR,11.565656250000004,740202
NLOT,0.31867187500000005,20395
NLOT1,0.11142187500000003,7131
NLOT2,0.14942187500000004,9563
NLOT3,0.057828125000000015,3701
COA,3.265046875000001,208963
COAa,0.7678437500000002,49142
COAp,2.4972031250000004,159821
COApl,1.2020312500000003,76930
COApm,1.2951718750000003,82891
PAA,1.1912500000000004,76240
TR,1.3985625000000004,89508
HPF,42.64695312500001,2729405
HIP,23.731859375000006,1518839
CA,16.948390625000005,1084697
CA1,10.209234375000003,653391
CA2,0.4753281250000001,30421
CA3,6.263828125000002,400885
DG,6.597453125000001,422237
DG-mo,4.310843750000001,275894
DG-po,0.6843750000000002,43800
DG-sg,1.6022343750000003,102543
FC,0.061671875000000015,3947
IG,0.12434375000000003,7958
RHP,18.494015625000003,1183617
ENT,11.409359375000003,730199
ENTl,6.378625000000001,408232
ENTl1,0.9811562500000003,62794
ENTl2,1.6031562500000003,102602
ENTl3,1.3168906250000003,84281
ENTl5,1.4281406250000004,91401
ENTl6a,1.0492812500000002,67154
ENTm,5.0307343750000015,321967
ENTm1,1.2454687500000003,79710
ENTm2,1.2604843750000003,80671
ENTm3,0.9834062500000003,62938
ENTm5,0.9135156250000002,58465
ENTm6,0.6278593750000001,40183
PAR,0.9326562500000002,59690
POST,1.0803750000000003,69144
PRE,0.9239687500000002,59134
SUB,2.1035781250000003,134629
ProS,1.2997968750000004,83187
HATA,0.4217812500000001,26994
APr,0.32250000000000006,20640
CTXsp,8.905843750000003,569974
CLA,0.5512968750000001,35283
EP,2.7899062500000005,178554
EPd,1.8170937500000004,116294
EPv,0.9728125000000002,62260
LA,0.8387500000000002,53680
BLA,1.9002031250000004,121613
BLAa,0.7703906250000002,49305
BLAp,0.7111250000000001,45512
BLAv,0.4186875000000001,26796
BMA,1.4854375000000004,95068
BMAa,0.7681093750000002,49159
BMAp,0.7173281250000002,45909
PA,0.9659531250000002,61821
CNU,54.32709375000001,3476934
STR,44.95968750000001,2877420
STRd,26.019343750000004,1665238
CP,26.019343750000004,1665238
STRv,8.649093750000002,553542
ACB,4.398265625000001,281489
FS,0.4317656250000001,27633
OT,3.8190625000000007,244420
LSX,3.5627343750000007,228015
LS,3.0513593750000005,195287
LSc,0.5627812500000001,36018
LSr,1.8809843750000004,120383
LSv,0.6075937500000002,38886
SF,0.4741875000000001,30348
SH,0.03718750000000001,2380
sAMY,4.0478281250000006,259061
AAA,0.4945625000000001,31652
BA,0.025046875000000007,1603
CEA,1.3177031250000004,84333
CEAc,0.3094843750000001,19807
CEAl,0.2599218750000001,16635
CEAm,0.7482968750000002,47891
IA,0.18282812500000004,11701
MEA,2.0276875000000003,129772
PAL,9.367406250000002,599514
PALd,1.9877187500000004,127214
GPe,1.5642812500000003,100114
GPi,0.4234375000000001,27100
PALv,3.3924218750000006,217115
SI,3.0278437500000006,193782
MA,0.3645781250000001,23333
PALm,1.5098593750000004,96631
MSC,1.1535468750000002,73827
MS,0.4147968750000001,26547
NDB,0.7387500000000001,47280
TRS,0.3563125000000001,22804
PALc,1.3480468750000003,86275
BST,1.3405000000000002,85792
BAC,0.0075468750000000015,483
BS,119.89485937500002,7673271
IB,35.47290625000001,2270266
TH,20.276750000000003,1297712
DORsm,6.677718750000001,427374
VENT,4.858390625000001,310937
VAL,0.8174062500000002,52314
VM,0.9265468750000002,59299
VP,2.8346093750000008,181415
VPL,0.8767343750000002,56111
VPLpc,0.09884375000000002,6326
VPM,1.6447187500000005,105262
VPMpc,0.21431250000000004,13716
PoT,0.2798281250000001,17909
SPF,0.20384375000000005,13046
SPFm,0.06951562500000001,4449
SPFp,0.13432812500000002,8597
SPA,0.13209375000000004,8454
PP,0.06143750000000001,3932
GENd,1.4219531250000004,91005
MG,0.6996718750000002,44779
MGd,0.17220312500000004,11021
MGv,0.2771406250000001,17737
MGm,0.25032812500000007,16021
LGd,0.7222812500000002,46226
LGd-sh,0.20748437500000005,13279
LGd-co,0.4189531250000001,26813
LGd-ip,0.09584375000000002,6134
DORpm,12.679750000000004,811504
LAT,3.0797656250000007,197105
LP,1.2039531250000002,77053
PO,1.2521875000000002,80140
POL,0.20545312500000004,13149
SGN,0.18176562500000004,11633
Eth,0.23640625000000007,15130
ATN,2.1584843750000005,138143
AV,0.4159687500000001,26622
AM,0.4107656250000001,26289
AMd,0.24471875000000007,15662
AMv,0.16604687500000004,10627
AD,0.16012500000000005,10248
IAM,0.04284375000000001,2742
IAD,0.11289062500000002,7225
LD,1.0158906250000002,65017
MED,2.0132343750000006,128847
IMD,0.17609375000000005,11270
MD,1.3780937500000003,88198
SMT,0.3075312500000001,19682
PR,0.15151562500000004,9697
MTN,1.1857968750000003,75891
PVT,0.4442187500000001,28430
PT,0.22978125000000005,14706
RE,0.4244843750000001,27167
Xi,0.08731250000000002,5588
ILM,1.6060781250000005,102789
RH,0.09107812500000002,5829
CM,0.24976562500000005,15985
PCN,0.23840625000000007,15258
CL,0.3615937500000001,23142
PF,0.4896093750000001,31335
PIL,0.17562500000000003,11240
RT,1.4472500000000004,92624
GENv,0.5231250000000002,33480
IGL,0.06898437500000001,4415
IntG,0.022625000000000006,1448
LGv,0.4045625000000001,25892
SubG,0.026953125000000005,1725
EPI,0.6660156250000001,42625
MH,0.32018750000000007,20492
LH,0.3458281250000001,22133
HY,15.196156250000003,972554
PVZ,0.7781875000000001,49804
SO,0.04684375000000001,2998
ASO,0.006062500000000001,388
PVH,0.18868750000000004,12076
PVa,0.04985937500000001,3191
PVi,0.20040625000000004,12826
ARH,0.28632812500000004,18325
PVR,2.0497187500000007,131182
ADP,0.09976562500000002,6385
AVP,0.09215625000000002,5898
AVPV,0.18298437500000003,11711
DMH,0.3760625000000001,24068
MEPO,0.04054687500000001,2595
MPO,0.5569531250000002,35645
OV,0.008750000000000003,560
PD,0.011609375000000003,743
PS,0.09645312500000003,6173
PVp,0.12696875000000002,8126
PVpo,0.14309375000000005,9158
SBPV,0.10950000000000003,7008
SCH,0.06607812500000002,4229
SFO,0.021593750000000005,1382
VMPO,0.05015625000000001,3210
VLPO,0.06704687500000002,4291
MEZ,3.845984375000001,246143
AHN,0.7104062500000001,45466
MBO,1.0161093750000003,65031
LM,0.07735937500000002,4951
MM,0.5406406250000001,34601
MMme,0.07760937500000002,4967
MMl,0.21342187500000004,13659
MMm,0.13609375000000004,8710
MMp,0.03731250000000001,2388
MMd,0.07620312500000002,4877
SUM,0.25476562500000005,16305
TM,0.14334375000000005,9174
TMd,0.035046875000000005,2243
TMv,0.10829687500000003,6931
MPN,0.4046250000000001,25896
PMd,0.13176562500000003,8433
PMv,0.19575000000000004,12528
PVHd,0.13076562500000002,8369
VMH,0.5495156250000002,35169
PH,0.7070468750000002,45251
LZ,5.686218750000001,363918
LHA,2.0714062500000003,132570
LPO,0.5549843750000001,35519
PST,0.012750000000000003,816
PSTN,0.16606250000000003,10628
PeF,0.21450000000000005,13728
RCH,0.14764062500000003,9449
STN,0.19473437500000004,12463
TU,0.5234375000000001,33500
ZI,1.8007031250000005,115245
FF,0.24123437500000006,15439
ME,0.07932812500000001,5077
MB,36.74565625000001,2351722
MBsen,6.8592343750000015,438991
SCs,2.1583437500000007,138134
SCop,0.6430468750000001,41155
SCsg,1.1519843750000003,73727
SCzo,0.3633125000000001,23252
IC,4.446890625000001,284601
ICc,1.1262968750000002,72083
ICd,1.3226250000000004,84648
ICe,1.9979687500000005,127870
NB,0.08760937500000002,5607
SAG,0.09821875000000002,6286
PBG,0.04456250000000001,2852
MEV,0.009468750000000001,606
SCO,0.014140625000000004,905
MBmot,21.295671875000004,1362923
SNr,1.5481250000000004,99080
VTA,0.4275781250000001,27365
PN,0.021968750000000006,1406
RR,0.13821875000000003,8846
MRN,5.141328125000001,329045
SCm,5.657187500000001,362060
SCdg,1.1950468750000003,76483
SCdw,0.3325468750000001,21283
SCiw,2.0927656250000006,133937
SCig,2.0368281250000004,130357
PAG,4.6915312500000015,300258
PRC,0.17137500000000003,10968
INC,0.07946875000000002,5086
ND,0.09173437500000002,5871
Su3,0.04196875000000001,2686
PRT,2.0793906250000007,133081
APN,1.2760312500000004,81666
MPT,0.04407812500000001,2821
NOT,0.20560937500000004,13159
NPC,0.2888125000000001,18484
OP,0.058328125000000015,3733
PPT,0.14414062500000002,9225
RPF,0.06239062500000001,3993
CUN,0.5511250000000001,35272
RN,0.7881718750000002,50443
III,0.03256250000000001,2084
MA3,0.016250000000000004,1040
EW,0.026000000000000006,1664
IV,0.007093750000000002,454
Pa4,0.016015625000000002,1025
VTN,0.03778125000000001,2418
AT,0.04307812500000001,2757
LT,0.017921875000000004,1147
DT,0.011328125000000003,725
MT,0.04301562500000001,2753
MBsta,1.8233125000000003,116692
SNc,0.19732812500000005,12629
PPN,0.8904218750000003,56987
RAmb,0.7355625000000002,47076
IF,0.08685937500000002,5559
IPN,0.35651562500000006,22817
IPR,0.07987500000000002,5112
IPC,0.06817187500000002,4363
IPA,0.025484375000000007,1631
IPL,0.061984375000000015,3967
IPI,0.03287500000000001,2104
IPDM,0.018968750000000003,1214
IPDL,0.03789062500000001,2425
IPRL,0.019125000000000003,1224
RL,0.05540625000000001,3546
CLI,0.08343750000000003,5340
DR,0.15334375000000003,9814
HB,47.67629687500001,3051283
P,16.707890625000005,1069305
P-sen,3.843031250000001,245954
NLL,0.7238750000000002,46328
PSV,1.0988593750000002,70327
PB,1.1213437500000003,71766
KF,0.17534375000000005,11222
SOC,0.8989531250000002,57533
POR,0.3650312500000001,23362
SOCm,0.19556250000000006,12516
SOCl,0.3383593750000001,21655
P-mot,5.793265625000001,370769
B,0.015531250000000003,994
DTN,0.10370312500000002,6637
PDTg,0.04784375000000001,3062
PCG,0.5433750000000002,34776
PG,0.9640468750000002,61699
PRNc,2.3480937500000008,150278
SG,0.017359375000000003,1111
SUT,0.26000000000000006,16640
TRN,0.6897500000000002,44144
V,0.35456250000000006,22692
P5,0.3205625000000001,20516
Acs5,0.014281250000000004,914
PC5,0.07010937500000002,4487
I5,0.04404687500000001,2819
P-sat,3.4568125000000007,221236
CS,0.5990312500000001,38338
LC,0.014546875000000004,931
LDT,0.20396875000000006,13054
NI,0.10587500000000002,6776
PRNr,2.3635000000000006,151264
RPO,0.09631250000000002,6164
SLC,0.026468750000000006,1694
SLD,0.04710937500000001,3015
MY,30.968406250000008,1981978
MY-sen,7.936062500000002,507908
AP,0.05307812500000001,3397
CN,1.6288593750000004,104247
DCO,0.6112968750000002,39123
VCO,1.0175625000000001,65124
DCN,0.4152187500000001,26574
CU,0.3334687500000001,21342
GR,0.08175000000000002,5232
ECU,0.20515625000000004,13130
NTB,0.15460937500000005,9895
NTS,0.8492812500000002,54354
SPVC,1.6816875000000004,107628
SPVI,1.8459687500000004,118142
SPVO,0.9996562500000002,63978
Pa5,0.10254687500000002,6563
MY-mot,17.490125000000003,1119368
VI,0.030453125000000008,1949
VII,0.9173125000000002,58708
ACVII,0.005515625000000001,353
AMB,0.04317187500000001,2763
AMBd,0.021234375000000007,1359
AMBv,0.021937500000000006,1404
DMX,0.17404687500000005,11139
GRN,2.6167812500000007,167474
ICB,0.05403125000000001,3458
IO,0.5096718750000001,32619
IRN,2.7760468750000005,177667
ISN,0.007187500000000002,460
LIN,0.06168750000000001,3948
LRN,0.5697656250000002,36465
LRNm,0.5125468750000001,32803
LRNp,0.05721875000000001,3662
MARN,0.5327968750000002,34099
MDRN,2.0320000000000005,130048
MDRNd,1.0925781250000002,69925
MDRNv,0.9394218750000002,60123
PARN,2.2474218750000006,143835
PAS,0.027968750000000007,1790
PGRN,0.9487656250000003,60721
PGRNd,0.23870312500000004,15277
PGRNl,0.7100625000000002,45444
PHY,0.2709531250000001,17341
NR,0.030359375000000008,1943
PRP,0.24059375000000005,15398
PPY,0.09465625000000003,6058
VNC,3.2081093750000007,205319
LAV,0.2875468750000001,18403
MV,1.8176562500000004,116330
SPIV,0.7488593750000002,47927
SUV,0.3540468750000001,22659
x,0.05696875000000001,3646
XII,0.2813593750000001,18007
y,0.023453125000000005,1501
MY-sat,0.22575000000000006,14448
RM,0.11964062500000003,7657
RPA,0.06775000000000002,4336
RO,0.03835937500000001,2455
CB,53.82926562500001,3445073
CBX,51.22076562500001,3278129
VERM,20.267218750000005,1297102
LING,0.12110937500000003,7751
CENT,4.075187500000001,260812
CENT2,1.3343437500000004,85398
CENT3,2.7408437500000007,175414
CUL,6.725640625000001,430441
"CUL4, 5",6.725640625000001,430441
DEC,3.332859375000001,213303
FOTU,1.0552187500000003,67534
PYR,1.2478906250000004,79865
UVU,2.1913593750000007,140247
NOD,1.5179531250000005,97149
HEM,30.953546875000008,1981027
SIM,5.694843750000001,364470
AN,10.807953125000003,691709
ANcr1,5.695359375000002,364503
ANcr2,5.112593750000001,327206
PRM,4.882062500000001,312452
COPY,2.5066875000000004,160428
PFL,5.726453125000002,366493
FL,1.3355468750000004,85475
CBN,1.7837031250000004,114157
FN,0.5009687500000001,32062
IP,0.8614687500000002,55134
DN,0.3360937500000001,21510
VeCB,0.08517187500000002,5451
fiber tracts,46.929687500000014,3003500
cm,12.347390625000003,790233
von,0.013468750000000003,862
In,5.965046875000001,381763
onl,4.142875000000001,265144
lotg,1.0621093750000004,67975
lot,0.9051093750000002,57927
lotd,0.15700000000000003,10048
aco,0.7600625000000002,48644
IIn,1.3037187500000003,83438
bsc,0.19942187500000005,12763
csc,0.027390625000000005,1753
och,0.3067656250000001,19633
opt,0.6992031250000001,44749
IIIn,0.20829687500000005,13331
mlf,0.14768750000000003,9452
pc,0.052468750000000015,3358
IVn,0.007000000000000002,448
Vn,2.3842500000000006,152592
moV,0.05962500000000001,3816
sV,2.3246250000000006,148776
sptV,1.6290312500000004,104258
VIIn,0.10785937500000002,6903
gVIIn,0.028828125000000007,1845
VIIIn,1.6615156250000005,106337
vVIIIn,0.25035937500000005,16023
cVIIIn,1.4111562500000003,90314
tb,0.30059375000000005,19238
das,0.012078125000000002,773
ll,0.8336562500000002,53354
cic,0.018000000000000006,1152
bic,0.24682812500000006,15797
Xn,0.009359375000000001,599
ts,0.009359375000000001,599
drt,0.6868750000000001,43960
cett,0.6868750000000001,43960
dc,0.022296875000000004,1427
cuf,0.022296875000000004,1427
ml,0.6645781250000001,42533
cbf,9.808125000000002,627720
cbc,0.06840625000000002,4378
cbp,2.818453125000001,180381
scp,0.8567343750000002,54831
dscp,0.046937500000000014,3004
uf,0.08485937500000001,5431
sctv,0.2853593750000001,18263
mcp,1.0923437500000002,69910
icp,0.8693750000000002,55640
sctd,0.14681250000000004,9396
arb,6.921265625000002,442961
scwm,1.0722812500000003,68626
lfbs,13.869734375000004,887663
cc,7.804609375000002,499495
fa,1.7305156250000004,110753
ec,0.8755625000000002,56036
ee,0.09346875000000002,5982
ccg,0.8299843750000002,53119
fp,1.3625781250000004,87205
ccb,3.041296875000001,194643
ccs,0.7467656250000002,47793
cst,3.6952656250000007,236497
int,2.0994687500000007,134366
cpd,0.8823125000000002,56468
py,0.5605156250000002,35873
pyd,0.06893750000000001,4412
lfbst,2.3698593750000008,151671
em,0.11060937500000002,7079
or,1.8502968750000004,118419
ar,0.4089531250000001,26173
eps,1.2286406250000004,78633
epsc,0.11237500000000003,7192
nst,0.11237500000000003,7192
tsp,0.5099843750000002,32639
tspd,1.5625000000000004e-05,1
dtd,0.006953125000000002,445
tspc,0.5030156250000001,32193
rust,0.6062812500000001,38802
vtd,0.03718750000000001,2380
mfbs,7.050187500000002,451212
mfbc,6.228578125000001,398629
amc,0.16439062500000004,10521
act,0.21260937500000004,13607
cing,1.2644062500000004,80922
fxs,4.245437500000001,271708
alv,1.3965468750000003,89379
df,0.03742187500000001,2395
fi,1.5146093750000003,96935
fxpo,0.2771875000000001,17740
mct,0.008156250000000002,522
fx,0.26903125000000006,17218
hc,1.0196718750000002,65259
dhc,0.9536406250000002,61033
vhc,0.06603125000000001,4226
st,0.3417343750000001,21871
stc,0.03546875000000001,2270
mfsbshy,0.8216093750000002,52583
mfb,0.04978125000000001,3186
sup,0.026125000000000006,1672
mfbsma,0.26109375000000007,16710
pm,0.03323437500000001,2127
mtt,0.12937500000000002,8280
mtg,0.06626562500000002,4241
mp,0.032218750000000004,2062
mfbse,0.4846093750000001,31015
sm,0.27020312500000004,17293
fr,0.16689062500000004,10681
hbc,0.04751562500000001,3041
VS,5.971531250000002,382178
VL,3.6998437500000008,236790
SEZ,0.13653125000000002,8738
chpl,1.4446250000000003,92456
V3,0.9000468750000002,57603
AQ,0.4062031250000001,25997
V4,0.9649531250000002,61757
V4r,0.4633281250000001,29653
c,0.0004843750000000001,31
